scenario,eval_seed,policy,latency_ms,device_energy_j,retention,violation_rate,drop_rate,mean_reward,depletion,policy_entropy,unique_actions
burst,1000,DQN,143.825184811717,0.15141171403584172,0.9332655727742329,0.05894864782740803,0.0,-0.46935722133583835,0.34603885478607993,,8.333333333333334
burst,1000,PPO,144.58612630704076,0.14432871333221217,0.9340312974779703,0.05712549377089027,0.0,-0.4588511784971862,0.3298512469279931,0.9620173345499626,8.0
burst,1000,PPO-stochastic,147.11165448655345,0.14876668445012947,0.9339632330598603,0.06624126405347917,0.0,-0.4771236557314833,0.3399938600870666,0.9437454412718179,8.333333333333334
burst,1001,DQN,144.2250486349302,0.1522568877915561,0.9332983230361872,0.0561929979405707,0.0,-0.4713563419362015,0.35938969555798556,,8.0
burst,1001,PPO,146.0909221615416,0.14507548059560682,0.9340303030303033,0.06443071491615177,0.0,-0.4739381105428357,0.34243858232254687,0.9812051737289212,8.0
burst,1001,PPO-stochastic,149.0095091670274,0.14838966161410802,0.9339396881435715,0.07325684024713147,0.0,-0.49305617651267125,0.3502614304349672,0.9468087067358497,8.333333333333334
burst,1002,DQN,142.71202315487446,0.1512979414681306,0.9332424784033364,0.06076854334226983,0.0,-0.4754634883472559,0.35271332604757993,,8.0
burst,1002,PPO,142.85237326485722,0.14507092570925048,0.9339323801012811,0.06076854334226983,0.0,-0.466293519975646,0.33819659555969084,0.9734188072726858,8.0
burst,1002,PPO-stochastic,145.33573079886654,0.14826148326877903,0.9338501638367592,0.07059874888293116,0.0,-0.4852804714977894,0.34563458287034177,0.9406137654558795,8.333333333333334
burst,1003,DQN,142.28797787514944,0.1511709920418969,0.9332691588785047,0.054517133956386236,0.0,-0.4644625401588609,0.3369853364267282,,8.0
burst,1003,PPO,143.76106699880506,0.144102010548791,0.9339383177570095,0.05794392523364483,0.0,-0.46227481630930045,0.3212273985150133,0.9864588768125694,8.0
burst,1003,PPO-stochastic,145.41269537728917,0.14864016920561926,0.9338585669781932,0.0654205607476635,0.0,-0.47736066754598205,0.3313437105208593,0.9553043343057142,8.0
burst,1004,DQN,143.33111205458218,0.15113117294838616,0.9332343017806938,0.06060606060606053,0.0,-0.4718930598360369,0.3359520031998504,,7.666666666666667
burst,1004,PPO,143.4675133004565,0.14031170340119145,0.9339640737269604,0.05904404873477034,0.0,-0.4587209193758273,0.3119012240188989,0.9544440706792064,7.666666666666667
burst,1004,PPO-stochastic,145.94026378359203,0.14703641129918318,0.9338840987191505,0.07091533895657604,0.0,-0.4811677754281472,0.3268496892838096,0.9264122363068198,8.0
burst,1005,DQN,144.21187929414177,0.15156041719370825,0.9333233830845772,0.0491293532338308,0.0,-0.4590625101123544,0.33848493173261524,,8.0
burst,1005,PPO,143.67584760508615,0.1443473670948923,0.9339937810945275,0.05006218905472631,0.0,-0.44955712293320066,0.32237578651192617,0.9672432158040102,7.333333333333333
burst,1005,PPO-stochastic,147.31073627093303,0.15031019647129848,0.9339203980099504,0.05970149253731336,0.0,-0.47194100118978266,0.3356927721192337,0.935095047710124,8.666666666666666
burst,1006,DQN,142.57056601135673,0.1529857321368594,0.9332034709754637,0.0601436265709156,0.0,-0.47605090527635435,0.3550543866676275,,8.0
burst,1006,PPO,142.9422576309108,0.14238290551547317,0.9338988629563137,0.06612806702573307,0.0,-0.47170959834775833,0.33044699321716015,0.9810974038418389,7.666666666666667
burst,1006,PPO-stochastic,146.51583191567764,0.15031266976972196,0.9338689407540396,0.0771992818671454,0.0,-0.4963168902240611,0.348850654423896,0.946070812509369,8.0
burst,1007,DQN,143.7528286947029,0.15096148600085849,0.9332520612485279,0.04946996466431094,0.0,-0.4567804765557748,0.35601750448535796,,8.0
burst,1007,PPO,144.87954050410647,0.14523431873661122,0.9339681978798589,0.0468197879858657,0.0,-0.44724117215470116,0.3425109350205083,0.9737925368495004,8.0
burst,1007,PPO-stochastic,147.56542917694057,0.15054711779397603,0.9339222614840992,0.056831566548880996,0.0,-0.46764261191070755,0.3550402861307935,0.9421399427776403,8.333333333333334
burst,1008,DQN,142.5188811861428,0.1528814107809204,0.9332117510180339,0.06631762652705057,0.0,-0.4817741761351209,0.36500436823944754,,8.0
burst,1008,PPO,144.20491106879197,0.14408779085902332,0.9339040139616057,0.06515415939499707,0.0,-0.4738043183476081,0.3440096006759181,0.9734711619998789,7.666666666666667
burst,1008,PPO-stochastic,147.64826651116928,0.1474999845861771,0.9338958696916811,0.0788248981966259,0.0,-0.49791243785267997,0.35215621319949825,0.9385020274743697,8.0
burst,1009,DQN,143.58255923459708,0.150173129454237,0.9333047263681594,0.05410447761194026,0.0,-0.4615481610900358,0.3353866557811292,,8.0
burst,1009,PPO,144.73293086774407,0.14177310580505753,0.9340174129353235,0.06156716417910443,0.0,-0.46178063612564446,0.31662660296462847,0.9688872490889063,8.0
burst,1009,PPO-stochastic,146.59145775105384,0.14761317409014488,0.9339738805970151,0.06778606965174123,0.0,-0.4761655605044714,0.32966942213465694,0.9265650573290248,8.333333333333334
burst,1010,DQN,143.0693620962688,0.15390066736637661,0.933238220661399,0.04887328065554573,0.0,-0.46191909920018864,0.365193458604798,,8.0
burst,1010,PPO,143.8394339533968,0.14515525247329342,0.9338996195493124,0.055604331284752666,0.0,-0.46054818295422634,0.3444413178480861,0.9711362528943129,8.0
burst,1010,PPO-stochastic,146.26896547124957,0.14846131219145828,0.933865671641791,0.06145741878841084,0.0,-0.47440909022053984,0.3522863220543147,0.9388156051779935,8.333333333333334
burst,1011,DQN,142.89630320679333,0.15341158617738176,0.9332623160588615,0.058221369161868174,0.0,-0.4707130518960512,0.3330309849933996,,8.0
burst,1011,PPO,144.78080669603898,0.14457713868493408,0.9339456174024314,0.06014075495841326,0.0,-0.4664304115268376,0.3138528718952114,0.9832258281421323,8.0
burst,1011,PPO-stochastic,147.91734721470092,0.14892967022075546,0.933927703134997,0.0754958413307741,0.0,-0.4921179289377973,0.32330149243755707,0.9470696678809388,8.0
burst,1012,DQN,143.20029531665804,0.1519082651014361,0.9332107142857144,0.05119047619047617,0.0,-0.4632860813765958,0.3544526185700175,,8.333333333333334
burst,1012,PPO,144.23272582098159,0.14576324102506258,0.9339345238095239,0.054761904761904734,0.0,-0.4599415546522261,0.3401142290584794,0.9660884704396483,8.0
burst,1012,PPO-stochastic,146.46093095545166,0.14988679422435025,0.9338797619047621,0.0598214285714285,0.0,-0.47323251124260396,0.3497358531901507,0.9348743873913051,8.333333333333334
burst,1013,DQN,142.92654052869148,0.15212908889368312,0.933288831467126,0.051679586563307435,0.0,-0.4651452010812274,0.3679622337615959,,8.0
burst,1013,PPO,145.4825826641201,0.14425994490611024,0.9339468848693656,0.0608670686190066,0.0,-0.47048649711539586,0.3489287417416542,0.9795837626219472,8.0
burst,1013,PPO-stochastic,147.8581492255399,0.14886745650427344,0.933904392764858,0.07091587711742747,0.0,-0.48968707573398,0.3600731604197116,0.952654685279632,8.0
burst,1014,DQN,143.35291700129963,0.15028137206514788,0.9332820512820513,0.058302808302808234,0.0,-0.4686841019059442,0.34189012144821157,,8.0
burst,1014,PPO,144.76721275978784,0.14364900605321526,0.9339780219780222,0.061050061050061,0.0,-0.4652642461260574,0.3268014887710649,0.9677368379135473,8.0
burst,1014,PPO-stochastic,147.63958897681042,0.14922602784264474,0.933958485958486,0.0726495726495726,0.0,-0.4872192892380249,0.3394892133420169,0.9405530929725767,8.333333333333334
burst,1015,DQN,142.65592235745237,0.1503141357532329,0.933233128834356,0.051124744376278064,0.0,-0.4603209155294801,0.35730922686341443,,8.333333333333334
burst,1015,PPO,143.35657143205108,0.14450226051765325,0.9339424481449022,0.054338299737072694,0.0,-0.4555193258469094,0.3434939151055049,0.9676532178176901,8.0
burst,1015,PPO-stochastic,145.48072393624156,0.14941829237286278,0.9338758399065149,0.06281040023371307,0.0,-0.4733565735855189,0.35517973249465923,0.9361931980831596,8.666666666666666
burst,1016,DQN,142.19688876484454,0.1482980535134986,0.9332885025922537,0.05184507471790173,0.0,-0.46234879404107004,0.3376870260213625,,8.333333333333334
burst,1016,PPO,141.8183907237291,0.1413460181607039,0.9338850259225376,0.0576395242451967,0.0,-0.4590072841321993,0.3218566621867696,0.9541093536998284,8.0
burst,1016,PPO-stochastic,145.15467369533982,0.14730988886520158,0.9338740469655384,0.06678865507776756,0.0,-0.4793044738652739,0.33543689277013594,0.9218843310171602,8.333333333333334
burst,1017,DQN,142.5808320620416,0.15314945215336342,0.9332185792349729,0.05434122647237394,0.0,-0.46737815805008615,0.35032937180081886,,7.666666666666667
burst,1017,PPO,144.47374420515837,0.1438425941288178,0.9339168184578023,0.06071645415907706,0.0,-0.46722687639359967,0.3290399340696706,0.9741292333860305,7.333333333333333
burst,1017,PPO-stochastic,147.1897002362226,0.1490484090181149,0.9338548876745599,0.0707346690953248,0.0,-0.48769937089093984,0.340948235628938,0.9377357537887027,8.0
burst,1018,DQN,141.17878658686402,0.15038531613925457,0.9332076899788072,0.06085376930063574,0.0,-0.47140301361980597,0.34494631889441546,,7.666666666666667
burst,1018,PPO,141.14821225874988,0.142323231568821,0.9338810172570392,0.0557069330911292,0.0,-0.45627769200653984,0.32645391241098354,0.9564229071235028,8.0
burst,1018,PPO-stochastic,144.0160542265901,0.14750877287007524,0.9338773841961854,0.0647895852255525,0.0,-0.47520460759384847,0.3383482477707353,0.9326639796031712,8.666666666666666
burst,1019,DQN,143.96205568841407,0.1530236499054263,0.9332939729397296,0.05658056580565803,0.0,-0.4699400734655197,0.34557840936975454,,8.0
burst,1019,PPO,144.52691140715498,0.14485241198682552,0.9339827798277985,0.05811808118081177,0.0,-0.4623835810083811,0.32712503040358115,0.9630293010259768,8.0
burst,1019,PPO-stochastic,147.43703515519044,0.14910566195606226,0.9338843788437884,0.071340713407134,0.0,-0.48623967996273026,0.3367302865841076,0.9318102043708283,8.333333333333334
energy,1000,DQN,143.01995917517954,0.12625486256545967,0.9335839653410399,0.038530465949820736,0.004928315412186367,-0.4876279029078458,0.80050084249099,,8.0
energy,1000,PPO,137.40102751356778,0.11553673572782637,0.9339534050179213,0.033154121863799235,0.0,-0.4388637683447118,0.7371340663364113,0.8115484223761146,7.666666666666667
energy,1000,PPO-stochastic,142.08827128267123,0.12282384075213552,0.9339463216302725,0.050179211469533996,0.010304659498207866,-0.5091227877372551,0.7830810496758783,0.7885643049013069,8.0
energy,1001,DQN,143.40452827811532,0.12615808359489813,0.9337131991051456,0.03847874720357936,0.0,-0.47002643568100727,0.7929613423320122,,8.333333333333334
energy,1001,PPO,138.33406377945343,0.11677462956117657,0.9339834451901567,0.04026845637583887,0.0,-0.4469884809935681,0.7365302952052364,0.8287666664810921,8.0
energy,1001,PPO-stochastic,140.32956340832365,0.12213412366718897,0.9339834451901569,0.04295302013422817,0.0,-0.46220391021311885,0.7702546389096078,0.8032787206388959,8.0
energy,1002,DQN,140.46609618938464,0.127616966981509,0.9335250574712646,0.04781609195402294,0.0,-0.48707719120925236,0.7827675528693865,,8.333333333333334
energy,1002,PPO,136.21362848508898,0.1181912131816034,0.9338597701149426,0.0501149425287356,0.0,-0.4661720688620849,0.7269740934625276,0.8333991676984334,8.0
energy,1002,PPO-stochastic,137.81645342423948,0.1244631185242292,0.933793563218391,0.05563218390804594,0.0,-0.48485541954109207,0.7661944858624375,0.8113244389828251,8.0
energy,1003,DQN,139.83600139114608,0.12978352227485446,0.9334906743185081,0.03491152558584403,0.0,-0.46934960054417846,0.7616264805881157,,8.333333333333334
energy,1003,PPO,135.99958959126755,0.11870235808053024,0.933825442372071,0.02869440459110467,0.0,-0.43880134450371205,0.6995658772130239,0.8304774272066306,8.0
energy,1003,PPO-stochastic,137.57698274001893,0.1235135855309936,0.9337929220468678,0.0334768053562888,0.0,-0.45309128988264313,0.7265139221211546,0.8037028617565424,8.0
energy,1004,DQN,141.7053842666309,0.1263192017601772,0.9336070763500932,0.0460893854748603,0.0,-0.47846062280620266,0.7712574921792476,,8.0
energy,1004,PPO,137.07154109670503,0.11497086843798272,0.9339124767225327,0.04422718808193667,0.0,-0.45096706364082345,0.7065026562323163,0.8046404946867717,8.0
energy,1004,PPO-stochastic,139.52218663521418,0.12055632186669545,0.9339571694599629,0.05540037243947854,0.0,-0.47449122913871883,0.7386632476957881,0.7853128838932117,8.333333333333334
energy,1005,DQN,141.54596092367478,0.12578147642039947,0.9336091794158556,0.032916087158089864,0.0,-0.4614172193175395,0.7663116061392605,,8.0
energy,1005,PPO,136.8783326828437,0.11556231366876146,0.9339986091794161,0.04079740380157623,0.0,-0.4440734742782228,0.70620711807052,0.8197550843817373,7.333333333333333
energy,1005,PPO-stochastic,139.08933825893925,0.12122294306405894,0.933991191469634,0.044506258692628635,0.0,-0.46099127563220993,0.7411680887469227,0.799402351467406,8.333333333333334
energy,1006,DQN,141.78931307522487,0.127897338741548,0.9335463547976269,0.0462585034013605,0.0022675736961451,-0.49240713481930576,0.7956554081626227,,8.333333333333334
energy,1006,PPO,137.56783934301336,0.1173156476135457,0.933857142857143,0.048072562358276595,0.0,-0.46380732965185073,0.7343253333469639,0.8097568167952183,8.0
energy,1006,PPO-stochastic,139.31196828512358,0.12366808649212153,0.9338517006802722,0.050340136054421704,0.0,-0.47809491701976176,0.7726598431252598,0.789716950341924,8.0
energy,1007,DQN,143.72199534218768,0.12876691198964288,0.9336417777777779,0.03866666666666666,0.0,-0.47538320879776136,0.8107612084824103,,8.333333333333334
energy,1007,PPO,138.30545068499802,0.11875992882163627,0.9339333333333335,0.04355555555555549,0.0,-0.45343082353751885,0.7491022658427459,0.8200082702653275,8.0
energy,1007,PPO-stochastic,140.05908257916784,0.1273223743589086,0.9339031111111114,0.048444444444444436,0.0,-0.4749849783475341,0.8018375699825686,0.7958858440476987,8.0
energy,1008,DQN,139.8562896340393,0.12550639908366482,0.9335501119734219,0.039163328882955,0.00044503782821536664,-0.4735018766879673,0.8011192741341212,,8.333333333333334
energy,1008,PPO,137.25084953352055,0.11485273749304066,0.9339639519359147,0.042723631508678195,0.0,-0.4533644100693685,0.735559354631711,0.8195088055535229,8.0
energy,1008,PPO-stochastic,139.43433867649279,0.12062420825749225,0.933926007234105,0.057854917668001736,0.0017801513128615665,-0.4886229075046577,0.7739611061667855,0.8032288032268479,8.333333333333334
energy,1009,DQN,141.5025030147007,0.12639862176421543,0.9335601469237834,0.0358126721763085,0.0,-0.4654233093617573,0.7800056248744628,,8.333333333333334
energy,1009,PPO,138.14694022392086,0.11570825358352665,0.9339990817263547,0.0431588613406795,0.0,-0.4497192170411694,0.718330881212157,0.8149123612852875,8.0
energy,1009,PPO-stochastic,139.97979380651535,0.1218127672035802,0.9339292929292932,0.051882460973370036,0.0,-0.4725938456963034,0.7569105474357251,0.8002020114796755,8.0
energy,1010,DQN,141.5859344793615,0.13086871448142892,0.9335225718194257,0.042407660738714,0.0,-0.4821502711929703,0.8080300783776053,,8.333333333333334
energy,1010,PPO,136.87946336447905,0.12047988783945983,0.9338235294117648,0.04149566803465563,0.0,-0.45545072470983744,0.7465278200048392,0.7991193839069838,8.0
energy,1010,PPO-stochastic,138.71523355153906,0.12583262324951835,0.9338071135430918,0.04742362061103506,0.0,-0.4737011012528263,0.7797913598659818,0.7881679232531672,8.333333333333334
energy,1011,DQN,140.49344696296762,0.12973150650421567,0.933504559270517,0.04660587639311043,0.0,-0.4757143937204016,0.7231883026051174,,8.0
energy,1011,PPO,137.37008373669886,0.11503243966329006,0.9339463019250256,0.05471124620060786,0.0,-0.45737998994478685,0.6447615312179994,0.7855609436108982,8.0
energy,1011,PPO-stochastic,139.14328202908848,0.12213614118817617,0.9339361702127661,0.0572441742654508,0.0,-0.4731557960869574,0.6848885747381978,0.7661724630686649,8.333333333333334
energy,1012,DQN,143.3613992950427,0.129129867000575,0.9336134706134708,0.045045045045045,0.0,-0.490787847572516,0.843151710219389,,8.333333333333334
energy,1012,PPO,138.27436529905142,0.11885667693300284,0.933814242814243,0.044187044187044104,0.0,-0.46284448668392736,0.7784900598061427,0.8209203419617985,8.0
energy,1012,PPO-stochastic,140.54742840056915,0.1251673983447904,0.9338640068640071,0.049335049335049265,0.0,-0.4823764707003741,0.8173751297900681,0.8090542858623925,8.0
energy,1013,DQN,142.0011858637133,0.12600374823549546,0.933604194556002,0.04149933065595713,0.0,-0.4746983954742911,0.7993261165736968,,8.333333333333334
energy,1013,PPO,137.62350915660716,0.11432374503021486,0.933955823293173,0.043284248103525165,0.0,-0.44907119481847707,0.7267202118124647,0.8289523167840701,8.0
energy,1013,PPO-stochastic,139.505765364162,0.12021701194016828,0.9339504685408303,0.04283801874163314,0.0,-0.46163326024977464,0.7645964515707795,0.8075769201157109,8.0
energy,1014,DQN,141.780255908891,0.1265290410573606,0.9336002766251731,0.03550023052097733,0.0,-0.4682185251336716,0.7787251882857747,,8.333333333333334
energy,1014,PPO,137.27501738387772,0.11680616149427231,0.933924850161365,0.029045643153526934,0.0,-0.4378704643434233,0.7223528634008543,0.8066380119123812,7.333333333333333
energy,1014,PPO-stochastic,141.13082362383986,0.122966166110572,0.9339301406038375,0.04748732134624243,0.006915629322268299,-0.4954301312646823,0.7608374444183722,0.7920879995980231,8.0
energy,1015,DQN,141.82312410397802,0.1259191059746768,0.9336456968108345,0.03888160768894707,0.0,-0.47566161103354504,0.8101941188222556,,8.333333333333334
energy,1015,PPO,136.80987653827404,0.11726869838992875,0.933949759720402,0.0393184796854521,0.0,-0.45111279003410015,0.7560418933376581,0.8232604543429866,8.0
energy,1015,PPO-stochastic,138.8746140688181,0.1212424847825128,0.9339619921363044,0.042813455657492304,0.0,-0.4653316018620461,0.782244894966753,0.804540963297447,8.0
energy,1016,DQN,139.9424657559423,0.12774079986791917,0.9335378787878789,0.04166666666666664,0.0,-0.47509984109736747,0.7556014479451464,,8.0
energy,1016,PPO,134.92944175474858,0.11702025573833542,0.933818181818182,0.03693181818181813,0.0,-0.4446082115363021,0.693862225705885,0.8133842581653771,8.0
energy,1016,PPO-stochastic,136.8253679902164,0.12226468771928019,0.9338617424242425,0.044034090909090905,0.0,-0.462532874878129,0.7248910921164047,0.7955823217538031,8.0
energy,1017,DQN,142.9971767836421,0.12974248228684235,0.9334702334734858,0.055853440571939195,0.006255585344057167,-0.5287555457757914,0.8254470642328529,,8.333333333333334
energy,1017,PPO,138.01646845692565,0.11956068132086846,0.9338579088471852,0.05808757819481677,0.0,-0.4850377734591496,0.7651737851299821,0.8425510378464578,8.0
energy,1017,PPO-stochastic,141.73103359608476,0.12382985895360864,0.9338163740037823,0.07506702412868627,0.005808757819481667,-0.5365153854340284,0.7927542698254323,0.8206877962863398,8.333333333333334
energy,1018,DQN,140.97373437500326,0.12885348233803318,0.9335440829797267,0.0485619990570485,0.0,-0.4822957646905583,0.7713563657935699,,8.333333333333334
energy,1018,PPO,136.5659864356243,0.1177057878373927,0.9338382838283831,0.049976426214049935,0.0,-0.4580690825515787,0.7065391397323237,0.8017947705526683,8.0
energy,1018,PPO-stochastic,138.4020789599759,0.12235496198505497,0.9338816595945311,0.049976426214049935,0.0,-0.46798760218065155,0.7340751700718218,0.7774685178442082,8.0
energy,1019,DQN,139.75983941672044,0.1266476644092378,0.9335273631840798,0.031343283582089536,0.0,-0.4505100482282344,0.720922535708176,,8.333333333333334
energy,1019,PPO,135.94111759673999,0.1167104654714853,0.9339233830845773,0.03532338308457706,0.0,-0.4329067604075503,0.666458850078773,0.7906215487048031,7.333333333333333
energy,1019,PPO-stochastic,137.75177237460233,0.12283506379119573,0.9338616915422887,0.04179104477611937,0.0,-0.45314403714843127,0.7040181898223015,0.7789384135147047,8.333333333333334
fluctuation,1000,DQN,139.9776217158875,0.18480293505729098,0.9330717410323711,0.05161854768153976,0.0,-0.4593454694510615,0.2933746594034498,,7.666666666666667
fluctuation,1000,PPO,136.08273667200623,0.1774691402225449,0.933923884514436,0.04374453193350827,0.0,-0.43252044762608516,0.2817322601032901,0.7750407701381828,6.333333333333333
fluctuation,1000,PPO-stochastic,137.9085091221822,0.17967358068420994,0.9338713910761157,0.04899387576552927,0.0,-0.44306654888616065,0.2852318093361835,0.7596437507302909,7.333333333333333
fluctuation,1001,DQN,140.855451654107,0.18547120123073124,0.9330053619302952,0.0598748882931188,0.0,-0.47401570160434403,0.28825315857942824,,7.666666666666667
fluctuation,1001,PPO,136.83553784306048,0.1779303006214089,0.9338757819481681,0.05853440571939226,0.0,-0.45234550696382075,0.2765333422157729,0.7820168384577633,6.666666666666667
fluctuation,1001,PPO-stochastic,139.43292811273216,0.18155162879170514,0.9338007149240396,0.06791778373547806,0.0,-0.4706307221712922,0.2821614897471085,0.7659668101721265,7.333333333333333
fluctuation,1002,DQN,136.7166775728775,0.17914991350871726,0.9330494505494508,0.056318681318681264,0.0,-0.4670231366347843,0.27171070215488785,,7.666666666666667
fluctuation,1002,PPO,132.47769048850486,0.167742983971554,0.9338589743589744,0.049450549450549434,0.0,-0.4374651010651081,0.2544101923568572,0.7516738993334054,6.0
fluctuation,1002,PPO-stochastic,133.9613183112472,0.17308013125675145,0.9337509157509158,0.054945054945054896,0.0,-0.4503154064425785,0.26250486573940673,0.7430762579673543,7.333333333333333
fluctuation,1003,DQN,136.4621350012957,0.18344868897137587,0.9330368217054265,0.051841085271317804,0.0,-0.45727231344985714,0.26294312085897203,,7.666666666666667
fluctuation,1003,PPO,132.53707421394392,0.1723130265723968,0.9338120155038762,0.04796511627906971,0.0,-0.4324231828199913,0.2469820047537686,0.7483519492101226,6.333333333333333
fluctuation,1003,PPO-stochastic,135.13986907551998,0.17414818801395404,0.933734496124031,0.0523255813953488,0.0,-0.44487758922351395,0.24961240282000086,0.7364402181158013,7.333333333333333
fluctuation,1004,DQN,140.01673249787902,0.18716786849610922,0.9330701754385967,0.06048014773776542,0.0,-0.47707649917323686,0.2815316688628979,,8.0
fluctuation,1004,PPO,136.07565036671903,0.17632074898193106,0.9337811634349032,0.056325023084025795,0.0,-0.45320816456468194,0.26521579326032135,0.7646231052232692,6.333333333333333
fluctuation,1004,PPO-stochastic,138.3158572329525,0.17909071611747895,0.9337608494921517,0.06463527239150506,0.0,-0.46826985916366154,0.2693822854933746,0.7488624633961493,7.666666666666667
fluctuation,1005,DQN,139.22751327684705,0.1835703841957553,0.9330240740740742,0.0421296296296296,0.0,-0.45231375778862476,0.275355576293633,,7.666666666666667
fluctuation,1005,PPO,135.60988277125446,0.17705668765905602,0.9338518518518523,0.047685185185185164,0.0,-0.44003354169683,0.2655850314885841,0.760811468873699,6.333333333333333
fluctuation,1005,PPO-stochastic,138.33834607547598,0.17796029451335707,0.9338611111111113,0.055555555555555504,0.0,-0.4551157027479016,0.2669404417700358,0.7507935147965327,7.333333333333333
fluctuation,1006,DQN,138.19860616917177,0.18141755373124155,0.9330510018214939,0.0637522768670309,0.0,-0.47698820702979067,0.27666176944014326,,7.666666666666667
fluctuation,1006,PPO,134.61559118337675,0.16769818362476543,0.9337777777777779,0.06876138433515476,0.0,-0.4619720207502176,0.2557397300277671,0.7764150598561409,6.666666666666667
fluctuation,1006,PPO-stochastic,136.92503476866855,0.1698048132301545,0.9337559198542807,0.07513661202185787,0.0,-0.47496110578966694,0.25895234017598545,0.7637103285208108,7.666666666666667
fluctuation,1007,DQN,139.33942489835374,0.18252814767155892,0.9330265251989394,0.0340406719717064,0.0,-0.439812981967578,0.28672129863407375,,8.0
fluctuation,1007,PPO,135.44698714101722,0.17016826070197322,0.9338700265251992,0.0313881520778072,0.0,-0.41573183646606643,0.2673059761860162,0.7509946541055365,7.0
fluctuation,1007,PPO-stochastic,136.78196193414482,0.17832516894443237,0.9338417329796642,0.037577365163572,0.0,-0.4289342211026832,0.28011911955021246,0.7393111653498742,8.0
fluctuation,1008,DQN,137.28363083170277,0.18595489841780824,0.9330754549489569,0.0639147802929427,0.0,-0.4767242380635374,0.29094193481619596,,7.666666666666667
fluctuation,1008,PPO,133.67552354543145,0.17373115461658215,0.9338761651131825,0.060807811806480205,0.0,-0.45273554071041805,0.27181686899386076,0.7684782984614028,6.333333333333333
fluctuation,1008,PPO-stochastic,136.5620482771559,0.17317661260844966,0.9338051486906349,0.0648024855747891,0.0,-0.46428723440991465,0.27094924181030344,0.7528953682267489,7.333333333333333
fluctuation,1009,DQN,139.03668487734606,0.18127301940160176,0.9330305980528514,0.04682429299953637,0.0,-0.4535418156639342,0.2715318769786495,,7.666666666666667
fluctuation,1009,PPO,134.94441736696785,0.17487115158661182,0.9338205841446455,0.04357904496986553,0.0,-0.43130605059782195,0.26194241248077904,0.7544885704323638,6.333333333333333
fluctuation,1009,PPO-stochastic,137.5508889254074,0.17819016972337268,0.9338150208623089,0.052851182197496495,0.0,-0.4485366063245791,0.26691402506480205,0.739132783491718,7.666666666666667
fluctuation,1010,DQN,138.53565292549746,0.18360147785295086,0.9328952248493279,0.0491423273064441,0.0,-0.46344541407752127,0.27501971370056616,,8.0
fluctuation,1010,PPO,135.09106898039622,0.17486867919855342,0.9336907742234587,0.04357904496986553,0.0,-0.4396580682979487,0.26193870904949995,0.7545126684184463,6.333333333333333
fluctuation,1010,PPO-stochastic,137.19483679345703,0.1807613264288316,0.9337222994900327,0.053314789058878036,0.0,-0.4571959324926074,0.27076540354652084,0.7417701870387815,7.666666666666667
fluctuation,1011,DQN,139.3936438661929,0.18424269862017528,0.9329797365754814,0.0531914893617021,0.0,-0.4684220895924785,0.2525660326918239,,7.666666666666667
fluctuation,1011,PPO,136.65886185353523,0.1685542600712763,0.9338004052684906,0.0455927051671732,0.0,-0.44079694615128306,0.23105979818104128,0.7783386947345573,6.333333333333333
fluctuation,1011,PPO-stochastic,138.35401074262992,0.1745247017598176,0.9337841945288755,0.0531914893617021,0.0,-0.4553384730029624,0.2392442786624164,0.7656255112111704,7.333333333333333
fluctuation,1012,DQN,138.59693601799253,0.17919865486870065,0.9329845360824746,0.05154639175257727,0.0,-0.4606471864504212,0.2897044920377325,,7.666666666666667
fluctuation,1012,PPO,135.25121995094327,0.16750470912412532,0.9337268041237116,0.04381443298969067,0.0,-0.4334530710578157,0.27079927975066914,0.7844238252560224,6.666666666666667
fluctuation,1012,PPO-stochastic,137.3570042469597,0.17408240172751963,0.9337749140893474,0.05283505154639173,0.0,-0.4504109343556721,0.28143321612615674,0.7650476751704636,7.333333333333333
fluctuation,1013,DQN,137.97616645703025,0.17899476199941866,0.9330987330712103,0.05286151157710787,0.0,-0.4626991981875619,0.2845270904282429,,7.666666666666667
fluctuation,1013,PPO,133.4712689952857,0.16921499073605958,0.9338623853211011,0.051114023591087764,0.0,-0.439796144175063,0.26898132902419497,0.7584713765359193,6.333333333333333
fluctuation,1013,PPO-stochastic,135.41279875527485,0.1721625009849148,0.9338693752730451,0.05766710353866313,0.0,-0.4526035359253176,0.2736666421906045,0.7426490172202255,7.333333333333333
fluctuation,1014,DQN,139.83974243505807,0.18046151819541675,0.9329109235818098,0.04125644631973743,0.0,-0.45397092605237926,0.2673086238269615,,8.0
fluctuation,1014,PPO,136.12721369384744,0.1727063198945976,0.9337566807313644,0.03609939052977024,0.0,-0.4292693954110189,0.255821236343873,0.7781441825002334,6.0
fluctuation,1014,PPO-stochastic,138.35899371299794,0.17797453817629674,0.9338129395218004,0.04781997187060477,0.0,-0.4485354524064344,0.2636247846736399,0.764488076151074,7.666666666666667
fluctuation,1015,DQN,138.22630095715957,0.1844912887851147,0.932956989247312,0.05241935483870963,0.0,-0.46432012720895005,0.28596149761692763,,8.0
fluctuation,1015,PPO,134.39087638060036,0.1770016109281527,0.9337706093189967,0.04659498207885301,0.0,-0.43929549093749914,0.2743524969386366,0.7730520130501786,6.333333333333333
fluctuation,1015,PPO-stochastic,136.43679347177743,0.17897302822334216,0.9337634408602152,0.05555555555555553,0.0,-0.45422933906687124,0.2774081937461802,0.7588305544987213,8.0
fluctuation,1016,DQN,135.81855909784292,0.17241309310596845,0.9329981060606062,0.0492424242424242,0.0,-0.4539497568847313,0.2528725365554201,,7.666666666666667
fluctuation,1016,PPO,132.35772909760075,0.15945791264359943,0.9338750000000003,0.0482954545454545,0.0,-0.4319014157836753,0.23387160521061245,0.7557696268662711,6.333333333333333
fluctuation,1016,PPO-stochastic,134.05604083329987,0.16203866228074656,0.9338276515151517,0.05303030303030296,0.0,-0.4424575244766496,0.23765670467842837,0.7378245038677106,7.666666666666667
fluctuation,1017,DQN,138.08516502579758,0.1791718925585105,0.9330027137042064,0.050655811849841664,0.0,-0.4627408716780103,0.2751035100325458,,7.666666666666667
fluctuation,1017,PPO,133.6714499522043,0.16624828315050402,0.9338005427408415,0.04522840343735863,0.0,-0.4350322974193746,0.25526038475400276,0.7694428596512487,6.666666666666667
fluctuation,1017,PPO-stochastic,136.21241035789444,0.16918189650705054,0.9337788331071915,0.052917232021709566,0.0,-0.44971282910614335,0.2597647035952002,0.7606418013917252,8.0
fluctuation,1018,DQN,136.61281031256453,0.17871547268096977,0.932998089780325,0.055396370582616934,0.0,-0.45932980269547213,0.2598820831902437,,7.666666666666667
fluctuation,1018,PPO,133.36855559327333,0.16552085152051735,0.9338500477554922,0.053008595988538604,0.0,-0.43596600103973954,0.24069490491941917,0.7559639975855994,6.333333333333333
fluctuation,1018,PPO-stochastic,135.95800036036977,0.1690646984343671,0.9338156638013374,0.0544412607449856,0.0,-0.4455097797336385,0.24584824897330906,0.743942591133096,8.0
fluctuation,1019,DQN,139.73396056751784,0.1884306714473388,0.9329469026548672,0.053097345132743334,0.0,-0.46795475173345746,0.2661583234193662,,7.666666666666667
fluctuation,1019,PPO,136.21149436579444,0.17869697848781893,0.9337689282202559,0.0530973451327433,0.0,-0.448211363629137,0.2524094821140441,0.749121760977194,6.333333333333333
fluctuation,1019,PPO-stochastic,138.60213101370394,0.18289649325278812,0.9337335299901673,0.058013765978367667,0.0,-0.4615528584289688,0.25834129671956324,0.7322452881269527,8.0
normal,1000,DQN,136.8119161380557,0.1469724960607818,0.9331137357830274,0.033245844269466265,0.0,-0.4162286681581659,0.23331883749649115,,8.0
normal,1000,PPO,134.7153068665234,0.1327430437403271,0.9337051618547684,0.037182852143482,0.0,-0.405752932569811,0.2107295819377694,0.873398646625119,6.333333333333333
normal,1000,PPO-stochastic,136.66871107527857,0.14271360667931052,0.9337226596675415,0.041119860017497734,0.0,-0.41803790175108396,0.2265578506034054,0.8533612309074257,7.666666666666667
normal,1001,DQN,136.91047619289955,0.14723844595138616,0.9331519213583559,0.03887399463806967,0.0,-0.4249565649822791,0.228833084749446,,7.666666666666667
normal,1001,PPO,135.5246980377616,0.13417096820579297,0.9336934763181413,0.03753351206434313,0.0,-0.4111299779018287,0.20852404641983666,0.8609402973714207,6.666666666666667
normal,1001,PPO-stochastic,137.58101710538685,0.14078345727654332,0.9337238605898127,0.039767649687220664,0.0,-0.42103008437393435,0.21880095651729417,0.8425477857845465,7.333333333333333
normal,1002,DQN,134.29575911111678,0.1493203525330629,0.9329963369963371,0.035256410256410194,0.0,-0.42680604385118875,0.22646920134181237,,7.666666666666667
normal,1002,PPO,132.12783705336847,0.13667353349598974,0.9336117216117218,0.04166666666666663,0.0,-0.41891055452127124,0.20728819246891814,0.8646102857412669,6.666666666666667
normal,1002,PPO-stochastic,133.9642231667373,0.1429970398363585,0.9335512820512822,0.04487179487179483,0.0,-0.42974925317656293,0.21687884375181055,0.8497805144371732,7.333333333333333
normal,1003,DQN,133.89139592607398,0.15029073630976597,0.9330155038759691,0.03149224806201547,0.0,-0.4168886450369103,0.21541672204399784,,7.666666666666667
normal,1003,PPO,132.01077346600763,0.13556600529357812,0.9335465116279072,0.0358527131782945,0.0,-0.4075786596465895,0.19431127425412878,0.8523665100657345,6.333333333333333
normal,1003,PPO-stochastic,133.97353700050996,0.14054145498377027,0.9335251937984497,0.041182170542635635,0.0,-0.41983985994422107,0.20144275214340399,0.8361789394520195,7.333333333333333
normal,1004,DQN,137.30953932747926,0.14839867224641792,0.9331495844875347,0.038319482917820835,0.0,-0.42900038475554164,0.22321633617065376,,7.666666666666667
normal,1004,PPO,134.46926167387963,0.13243487721366137,0.9336832871652819,0.03693444136657426,0.0,-0.41099429510771984,0.19920412780888253,0.8426835363402289,6.666666666666667
normal,1004,PPO-stochastic,136.9518897651445,0.14227751109429235,0.9336574330563252,0.04432132963988916,0.0,-0.42863663263413815,0.21400908960433163,0.8227654956418776,7.666666666666667
normal,1005,DQN,136.08722898076903,0.14778716796030242,0.9330962962962964,0.031018518518518463,0.0,-0.41779695904035546,0.22168075194045356,,8.0
normal,1005,PPO,133.86801822747967,0.13394414374555733,0.9336981481481482,0.03472222222222217,0.0,-0.40660113270183196,0.20091621561833575,0.8507987318607909,6.333333333333333
normal,1005,PPO-stochastic,135.87978832809034,0.14231935700585083,0.9337222222222223,0.04166666666666664,0.0,-0.42191509664443677,0.21347903550877642,0.8322104497812689,7.333333333333333
normal,1006,DQN,135.2767502146265,0.15297754545821304,0.932954462659381,0.04189435336976317,0.0,-0.43526551255165896,0.23329075682377456,,7.666666666666667
normal,1006,PPO,134.23782090452656,0.1348681202316355,0.9335865209471769,0.04599271402550087,0.0,-0.4250919610254391,0.20567388335324352,0.8431386244627487,6.666666666666667
normal,1006,PPO-stochastic,136.10466324944375,0.14588365389552926,0.9336010928961751,0.046903460837887,0.0,-0.4347324215688353,0.22247257219068173,0.815592020802634,7.666666666666667
normal,1007,DQN,136.23019731224645,0.14897649233002452,0.9331025641025642,0.028293545534924802,0.0,-0.41127066091396536,0.2340172400350802,,8.0
normal,1007,PPO,134.34352313408144,0.13538003438731902,0.9336613616268791,0.028735632183908,0.0,-0.3978303954163109,0.2126594706834136,0.8445229481767359,6.333333333333333
normal,1007,PPO-stochastic,136.48702850669193,0.1451970861202131,0.9336719717064548,0.0340406719717064,0.0,-0.4124092224017686,0.2280804227805013,0.8278060120593832,7.333333333333333
normal,1008,DQN,135.54257936589107,0.1518443279522615,0.9330257434531738,0.0448291167332445,0.0,-0.4375952603672782,0.23757310477530913,,8.0
normal,1008,PPO,133.8177697536471,0.13726939300876864,0.9336222814025746,0.04216600088770523,0.0,-0.4205623189277629,0.2147694044783028,0.8536057085298164,6.333333333333333
normal,1008,PPO-stochastic,135.56017330239797,0.1437726492345357,0.9336187305814471,0.048823790501553464,0.0,-0.4346349193472568,0.22494429078153422,0.8394154290897259,7.333333333333333
normal,1009,DQN,136.3833688010803,0.14971874109172542,0.9331084840055635,0.03477051460361607,0.0,-0.4205313323253721,0.22426619759364683,,8.0
normal,1009,PPO,134.6164255503563,0.1355229509822947,0.9337482614742701,0.036624942049142295,0.0,-0.4078043377722718,0.20300208699222888,0.8515319812016999,7.0
normal,1009,PPO-stochastic,136.7171918797226,0.1425739761206965,0.9337278627723692,0.04543347241539173,0.0,-0.42500956858005723,0.2135639350641266,0.8377680317738374,7.666666666666667
normal,1010,DQN,135.42004356252002,0.1547177897373889,0.9329508576726937,0.03523412146499763,0.0,-0.4286343492158951,0.23175435587746387,,8.0
normal,1010,PPO,133.29951876608402,0.1400368981927866,0.9334867872044508,0.03708854891052383,0.0,-0.41584694664140204,0.2097636037512783,0.826565787239336,6.333333333333333
normal,1010,PPO-stochastic,135.666459009722,0.14892104154323876,0.9335776541492815,0.048215113583681,0.0,-0.4355566509938921,0.22307131014497641,0.8151053440043384,8.0
normal,1011,DQN,136.131633348389,0.15364856947921826,0.9329939209726446,0.04305977710233023,0.0,-0.4373884146260421,0.2106265806610952,,8.0
normal,1011,PPO,134.89022638749387,0.13038990735622294,0.93371327254306,0.0466058763931104,0.0,-0.4232995862540274,0.17874283133415594,0.8318117251865029,7.0
normal,1011,PPO-stochastic,136.4865973812681,0.1411971851424587,0.9337152988855119,0.0526849037487335,0.0,-0.4379303142548964,0.19355780796612074,0.8087030938036718,7.666666666666667
normal,1012,DQN,137.27078346571412,0.1539980201679038,0.9330721649484537,0.03823024054982813,0.0,-0.4317301439510324,0.24896346593811103,,8.333333333333334
normal,1012,PPO,135.65411431109922,0.13712633715395017,0.9335927835051548,0.04037800687285217,0.0,-0.4195806000110305,0.22168757839888617,0.8527094989957423,7.0
normal,1012,PPO-stochastic,137.493932729365,0.14547331782550044,0.933618556701031,0.046821305841924336,0.0,-0.4337185653937259,0.2351818638178924,0.8385561000702973,7.666666666666667
normal,1013,DQN,135.77619945743464,0.1481956327517095,0.9331074705111405,0.029270423765836565,0.0,-0.4194638794673269,0.23556930789490482,,8.0
normal,1013,PPO,134.14392507818187,0.13397789413502137,0.9337033639143731,0.03320227173438176,0.0,-0.40926707986913496,0.21296902755212788,0.8544532216559686,6.333333333333333
normal,1013,PPO-stochastic,135.63280020486388,0.1402048829076009,0.933664919178681,0.036697247706421965,0.0,-0.4195578051358386,0.22286734512187398,0.8324421127202691,7.333333333333333
normal,1014,DQN,135.99499125183812,0.1498688068350643,0.9330459446788563,0.031879981247069804,0.0,-0.4213165638767189,0.2219931701244391,,7.666666666666667
normal,1014,PPO,134.9665179152618,0.13359137290197384,0.9336704172526958,0.028129395218002767,0.0,-0.40372109328494715,0.19788222111104872,0.8606430047060254,6.0
normal,1014,PPO-stochastic,137.1895577968065,0.14173207359757775,0.9336929207688703,0.04031879981247067,0.0,-0.42471155298960456,0.20994063401641205,0.8380874737335716,7.666666666666667
normal,1015,DQN,135.2658694411931,0.1511280463713691,0.9329874551971328,0.030017921146953366,0.0,-0.41998507588609085,0.23424847187562223,,8.0
normal,1015,PPO,133.49202176548837,0.1372320342900342,0.9335770609318997,0.04077060931899636,0.0,-0.4166870865248549,0.21270965314955295,0.8517651705498603,6.666666666666667
normal,1015,PPO-stochastic,134.91178938569075,0.14704055990673862,0.9336057347670254,0.0389784946236559,0.0,-0.42240213045296393,0.22791286785544487,0.8343336604515551,8.0
normal,1016,DQN,133.95501089216216,0.14649724833401914,0.933130681818182,0.03551136363636356,0.0,-0.42268221828046454,0.21486263088989477,,7.666666666666667
normal,1016,PPO,131.61820779504237,0.13436728899355357,0.9336060606060608,0.03361742424242423,0.0,-0.4075048018205963,0.19707202385721223,0.8409055536110165,7.0
normal,1016,PPO-stochastic,133.494839415265,0.13946011323808663,0.9336496212121214,0.03598484848484843,0.0,-0.4162802740157033,0.2045414994158605,0.8258696544340417,8.0
normal,1017,DQN,135.8569836699685,0.1556437376987425,0.9329918588873816,0.04070556309362277,0.0,-0.4376654160234083,0.23897798892494412,,7.666666666666667
normal,1017,PPO,134.41331352524935,0.13739066277709677,0.9336775214834918,0.04658525554047937,0.0,-0.427233931809722,0.21095191347233389,0.8684013897779703,6.666666666666667
normal,1017,PPO-stochastic,136.7969389536397,0.1450880279513222,0.9336286748077794,0.0556309362279511,0.0,-0.44634091709066465,0.22277057625025923,0.8510661166227008,7.666666666666667
normal,1018,DQN,134.94666825506346,0.15087565915628043,0.9330630372492839,0.0415472779369627,0.0,-0.4293748428235253,0.21939835435642463,,8.0
normal,1018,PPO,133.38105423381316,0.13406790174403269,0.9336112702960843,0.0444126074498567,0.0,-0.41757082522785366,0.1949570737861145,0.8328783971256618,6.666666666666667
normal,1018,PPO-stochastic,135.5916918677813,0.14280699960259405,0.9336934097421205,0.0444126074498567,0.0,-0.42543774961484077,0.20766517858877256,0.8169738399024978,7.666666666666667
normal,1019,DQN,135.53019059707998,0.15296378947096748,0.9330098328416915,0.0324483775811209,0.0,-0.4206153995508553,0.21606135262774162,,7.666666666666667
normal,1019,PPO,133.10198826003966,0.1374000178341685,0.9335604719764014,0.03294001966568333,0.0,-0.4058731897442736,0.19407752519076307,0.8336880743053019,6.333333333333333
normal,1019,PPO-stochastic,135.53072203240365,0.14641916295491278,0.9335683382497543,0.0378564405113077,0.0,-0.42036836326652516,0.2068170676738145,0.8192252744096372,7.666666666666667
burst,1000,Best-constant,1360.9206401523488,0.1120984425900231,0.9350000000000004,0.8012762078395624,0.0,-2.487576215429172,0.2561916490026154,,1.0
burst,1000,Cloud-only,1360.9206401523488,0.1120984425900231,0.9350000000000004,0.8012762078395624,0.0,-2.487576215429172,0.2561916490026154,,1.0
burst,1000,Edge-only,549.8523166701385,0.0932873421297817,0.9350000000000004,0.6134913400182316,0.0,-1.7110839794900057,0.2132004464924384,,3.0
burst,1000,Greedy-myopic,138.85357191638056,0.1228946827733125,0.9342051048313584,0.0346399270738377,0.0,-0.4104877694797936,0.2808655562548414,,8.0
burst,1000,Local-only,2255.25572165061,0.4283362646188206,0.9350000000000002,0.8769371011850501,0.1449407474931631,-3.547977480163241,0.9789268380975964,,1.0
burst,1000,Static-rule,3230.3363166034624,0.2032242050830209,0.9310583409298088,0.9216043755697356,0.0,-3.0087149403429083,0.4644519853668206,,2.0
burst,1001,Best-constant,1545.9319094083196,0.1122951266183912,0.9350000000000002,0.8455428067078552,0.0,-2.6341234525171284,0.2650632884554939,,1.0
burst,1001,Cloud-only,1545.9319094083196,0.1122951266183912,0.9350000000000002,0.8455428067078552,0.0,-2.6341234525171284,0.2650632884554939,,1.0
burst,1001,Edge-only,542.466745009035,0.0936747784632883,0.9350000000000002,0.7458075904677847,0.0,-1.9318912971337192,0.2211115083310535,,3.0
burst,1001,Greedy-myopic,139.64287642303935,0.1225763590366914,0.9341950573698148,0.0361871138570167,0.0,-0.4179492992560239,0.2893312808095236,,8.0
burst,1001,Local-only,2259.9938544156907,0.4174870195495274,0.9350000000000004,0.8949691085613416,0.1694616063548102,-3.719189032025376,0.9854433190616974,,1.0
burst,1001,Static-rule,3514.3325149635853,0.2032615152687176,0.9310741394527802,0.9179170344218888,0.0,-3.032845369200853,0.4797818683322022,,2.0
burst,1002,Best-constant,1241.9383621938807,0.1110753081975207,0.9350000000000004,0.8185880250223414,0.0,-2.5032580696541262,0.2589443122354706,,1.0
burst,1002,Cloud-only,1241.9383621938807,0.1110753081975207,0.9350000000000004,0.8185880250223414,0.0,-2.5032580696541262,0.2589443122354706,,1.0
burst,1002,Edge-only,378.2318424374379,0.0926141801666042,0.9350000000000004,0.6273458445040214,0.0,-1.5251825937461554,0.2159068075133958,,3.0
burst,1002,Greedy-myopic,138.4322185006101,0.1219120847051485,0.9342457551385168,0.033958891867739,0.0,-0.4141435344083173,0.2842075474688782,,8.0
burst,1002,Local-only,1722.0049116800046,0.4210102598281936,0.9350000000000004,0.8427167113494192,0.1510277033065236,-3.491344678756555,0.9814801682244766,,1.0
burst,1002,Static-rule,2874.7291501273075,0.2000823139320838,0.9310714924039322,0.8543342269883825,0.0,-2.8204825641832723,0.4664418943541706,,2.0
burst,1003,Best-constant,1157.6428375934352,0.1119228837848215,0.9350000000000004,0.811214953271028,0.0,-2.4370344709942118,0.249494761770331,,1.0
burst,1003,Cloud-only,1157.6428375934352,0.1119228837848215,0.9350000000000004,0.811214953271028,0.0,-2.4370344709942118,0.249494761770331,,1.0
burst,1003,Edge-only,401.2135969377208,0.0930994982829885,0.9350000000000004,0.5485981308411215,0.0,-1.4695456484866627,0.2075342982558283,,3.0
burst,1003,Greedy-myopic,138.11965786070547,0.1218182187542319,0.934177570093458,0.0308411214953271,0.0,-0.4086161339684407,0.2715531126396419,,8.0
burst,1003,Local-only,1726.9412771481534,0.4375373259307248,0.9350000000000004,0.8504672897196262,0.1205607476635514,-3.423245791642843,0.9753436223872408,,1.0
burst,1003,Static-rule,2805.340465907402,0.2018825311524751,0.9310672897196264,0.8598130841121495,0.0,-2.847519285571208,0.4500298090273923,,2.0
burst,1004,Best-constant,1097.5792740460702,0.1116207164491817,0.9350000000000004,0.7806935332708529,0.0,-2.365267246326609,0.2481235509401606,,1.0
burst,1004,Cloud-only,1097.5792740460702,0.1116207164491817,0.9350000000000004,0.7806935332708529,0.0,-2.365267246326609,0.2481235509401606,,1.0
burst,1004,Edge-only,367.7965404724854,0.0930094435001562,0.9350000000000004,0.5651358950328023,0.0,-1.4345815069023045,0.2067522421138895,,3.0
burst,1004,Greedy-myopic,138.48118626680818,0.1236347933252978,0.9342239925023432,0.035613870665417,0.0,-0.4128536548959932,0.2748298426626938,,8.0
burst,1004,Local-only,1802.187888433944,0.4388967709177652,0.9350000000000004,0.8275538894095595,0.1302717900656045,-3.3843468276073554,0.9756309470192824,,1.0
burst,1004,Static-rule,2742.5697923594284,0.2033083273867311,0.9310749765698222,0.8706654170571696,0.0,-2.8582231923780927,0.4519374694200879,,2.0
burst,1005,Best-constant,1211.733448169941,0.1117703202831761,0.9350000000000004,0.7975746268656716,0.0,-2.474543610525138,0.2496203819657599,,1.0
burst,1005,Cloud-only,1211.733448169941,0.1117703202831761,0.9350000000000004,0.7975746268656716,0.0,-2.474543610525138,0.2496203819657599,,1.0
burst,1005,Edge-only,418.4583791558616,0.0933952505639653,0.9350000000000004,0.691231343283582,0.0,-1.6851817774541935,0.208582726259523,,3.0
burst,1005,Greedy-myopic,139.00675999940222,0.1227596131588183,0.9342052238805972,0.0261194029850746,0.0,-0.4017073673537194,0.2741631360546941,,8.0
burst,1005,Local-only,1929.4097878434789,0.4367592400598308,0.9350000000000004,0.855410447761194,0.1305970149253731,-3.4746085037892214,0.9754289694669552,,1.0
burst,1005,Static-rule,2842.722233269585,0.2029485583047179,0.9310783582089556,0.8777985074626866,0.0,-2.8996523869412374,0.4532517802138698,,2.0
burst,1006,Best-constant,1037.4415270422908,0.1129381944570514,0.9350000000000002,0.8096947935368043,0.0,-2.4227651170440847,0.2621107263024069,,1.0
burst,1006,Cloud-only,1037.4415270422908,0.1129381944570514,0.9350000000000002,0.8096947935368043,0.0,-2.4227651170440847,0.2621107263024069,,1.0
burst,1006,Edge-only,318.8351590969051,0.0939262786987892,0.9350000000000002,0.5691202872531418,0.0,-1.355100845317982,0.217987238480106,,3.0
burst,1006,Greedy-myopic,137.64694546155135,0.1235399812130104,0.9341059245960504,0.0403949730700179,0.0,-0.4216328592162132,0.2867157063985278,,8.0
burst,1006,Local-only,1680.6296492942763,0.4241305517780941,0.9350000000000002,0.848294434470377,0.1499102333931777,-3.4494387650997567,0.9843363222516596,,1.0
burst,1006,Static-rule,2745.111382837501,0.2010732816853571,0.9310897666068224,0.8833034111310593,0.0,-2.902789431993638,0.4666575745780995,,2.0
burst,1007,Best-constant,1385.8442504295858,0.113319819696631,0.9350000000000004,0.7985865724381626,0.0,-2.493101004256961,0.2672459081178878,,1.0
burst,1007,Cloud-only,1385.8442504295858,0.113319819696631,0.9350000000000004,0.7985865724381626,0.0,-2.493101004256961,0.2672459081178878,,1.0
burst,1007,Edge-only,530.1411076002267,0.0942953971535003,0.9350000000000004,0.7084805653710248,0.0,-1.8552185350332568,0.222379978287005,,3.0
burst,1007,Greedy-myopic,139.49923698879232,0.1227182597986577,0.9341908127208484,0.0273851590106007,0.0,-0.4018445052496799,0.2894105626918348,,8.0
burst,1007,Local-only,2052.176360559208,0.419191394042946,0.9350000000000004,0.8595406360424028,0.1554770318021201,-3.583549633318983,0.9885930376179476,,1.0
burst,1007,Static-rule,3049.4711595965605,0.1997475124974781,0.9310989399293288,0.877208480565371,0.0,-2.895536360898374,0.4710712169732196,,2.0
burst,1008,Best-constant,1358.771260811191,0.1125174462268915,0.9350000000000002,0.837696335078534,0.0,-2.589879793550912,0.2686354028667035,,1.0
burst,1008,Cloud-only,1358.771260811191,0.1125174462268915,0.9350000000000002,0.837696335078534,0.0,-2.589879793550912,0.2686354028667035,,1.0
burst,1008,Edge-only,413.50161847520616,0.0941881101182334,0.9350000000000002,0.7033158813263525,0.0,-1.6923326908963447,0.2248741129072824,,3.0
burst,1008,Greedy-myopic,139.15204044252806,0.1226999090141159,0.93421815008726,0.0383944153577661,0.0,-0.4206187742838304,0.2929460327712019,,8.0
burst,1008,Local-only,1990.2041239832083,0.4147429487427113,0.9350000000000004,0.87521815008726,0.1675392670157068,-3.642349321230526,0.990198790123223,,1.0
burst,1008,Static-rule,3351.475153912209,0.2020773938745443,0.9310698080279232,0.9109947643979056,0.0,-2.9854432367868813,0.4824597778754746,,2.0
burst,1009,Best-constant,991.791829009594,0.112007597739936,0.9350000000000004,0.7863805970149254,0.0,-2.3794792821104003,0.2501503016191899,,1.0
burst,1009,Cloud-only,991.791829009594,0.112007597739936,0.9350000000000004,0.7863805970149254,0.0,-2.3794792821104003,0.2501503016191899,,1.0
burst,1009,Edge-only,274.9260350893655,0.0933646902160138,0.9350000000000004,0.4888059701492537,0.0,-1.1622208879159888,0.2085144748157644,,3.0
burst,1009,Greedy-myopic,139.26607570096198,0.1221119988097592,0.934231343283582,0.0326492537313432,0.0,-0.4083515969340267,0.2727167973417953,,8.0
burst,1009,Local-only,1735.5262954385255,0.4356798963527971,0.9350000000000004,0.8423507462686567,0.1343283582089552,-3.406894846828195,0.9730184351879136,,1.0
burst,1009,Static-rule,2626.6313768699497,0.2030527075493673,0.9310746268656718,0.8796641791044776,0.0,-2.8882302805962623,0.4534843801935868,,2.0
burst,1010,Best-constant,1379.6942876534304,0.1134073799593624,0.9350000000000004,0.8129938542581212,0.0,-2.490571492707521,0.2691062620285703,,1.0
burst,1010,Cloud-only,1379.6942876534304,0.1134073799593624,0.9350000000000004,0.8129938542581212,0.0,-2.490571492707521,0.2691062620285703,,1.0
burst,1010,Edge-only,525.683846263924,0.0947769735425419,0.9350000000000004,0.6409130816505707,0.0,-1.7479082210279957,0.2248978601353234,,3.0
burst,1010,Greedy-myopic,138.38946374514154,0.1237461238101162,0.9341466198419668,0.0298507462686567,0.0,-0.4083868864996325,0.2936392396244217,,8.0
burst,1010,Local-only,1849.6154199664825,0.4145548385131723,0.9350000000000004,0.8568920105355575,0.1650570676031606,-3.612156317259216,0.9837040855552152,,1.0
burst,1010,Static-rule,3194.3616159840426,0.2016758571444872,0.931070237050044,0.8902546093064091,0.0,-2.9203445985297862,0.4785600026824395,,2.0
burst,1011,Best-constant,1005.778835174404,0.1123905494224142,0.9350000000000004,0.8157389635316699,0.0,-2.372758491122815,0.243981151037824,,1.0
burst,1011,Cloud-only,1005.778835174404,0.1123905494224142,0.9350000000000004,0.8157389635316699,0.0,-2.372758491122815,0.243981151037824,,1.0
burst,1011,Edge-only,342.9511352783041,0.093608350910568,0.9350000000000004,0.5796545105566219,0.0,-1.4085030318471463,0.2032081284350251,,3.0
burst,1011,Greedy-myopic,139.22013294550413,0.1224094783047275,0.9342015355086376,0.0335892514395393,0.0,-0.4134713535545588,0.2657305758198462,,8.0
burst,1011,Local-only,1692.5565553096849,0.4475807802851074,0.9350000000000004,0.8531669865642995,0.109404990403071,-3.356371630208348,0.971623277202254,,1.0
burst,1011,Static-rule,2651.217478373429,0.2029027112176904,0.9310767754318622,0.8819577735124761,0.0,-2.871909863014757,0.4404679689350697,,2.0
burst,1012,Best-constant,1168.2813307054737,0.1140374423393257,0.9350000000000004,0.7991071428571429,0.0,-2.3897285218035256,0.2660873654584265,,1.0
burst,1012,Cloud-only,1168.2813307054737,0.1140374423393257,0.9350000000000004,0.7991071428571429,0.0,-2.3897285218035256,0.2660873654584265,,1.0
burst,1012,Edge-only,407.7981436852295,0.0948120418223655,0.9350000000000004,0.5455357142857142,0.0,-1.457455480255687,0.2212280975855195,,3.0
burst,1012,Greedy-myopic,139.24774338507316,0.1235482220308899,0.9341892857142858,0.0339285714285714,0.0,-0.4138236599078507,0.2882791847387433,,8.0
burst,1012,Local-only,2022.0660934225093,0.4236927181016254,0.9350000000000004,0.8455357142857143,0.1553571428571428,-3.475432023749855,0.9886163422371256,,1.0
burst,1012,Static-rule,3048.421339038338,0.2036023610010491,0.9310464285714284,0.9,0.0,-2.9439144692167147,0.4750721756691147,,2.0
burst,1013,Best-constant,1447.204132289361,0.1128026488528614,0.9350000000000004,0.8165374677002584,0.0,-2.552441952242434,0.2728414069128584,,1.0
burst,1013,Cloud-only,1447.204132289361,0.1128026488528614,0.9350000000000004,0.8165374677002584,0.0,-2.552441952242434,0.2728414069128584,,1.0
burst,1013,Edge-only,545.6389789859965,0.0935245042306416,0.9350000000000004,0.7174849267872524,0.0,-1.9626818946787457,0.2262123946078644,,3.0
burst,1013,Greedy-myopic,138.4853981964885,0.1246843587325309,0.9341869078380708,0.0301464254952627,0.0,-0.4102704548657394,0.3015802926843096,,9.0
burst,1013,Local-only,2038.5979777973864,0.4115207610005255,0.9350000000000004,0.8639104220499569,0.1688199827734711,-3.662211010325704,0.9953658406700212,,1.0
burst,1013,Static-rule,3302.0571831115376,0.2015912131988307,0.9310654608096468,0.8785529715762274,0.0,-2.912577706519566,0.4875987469246716,,2.0
burst,1014,Best-constant,1275.813194159048,0.1126208460065223,0.9350000000000002,0.804945054945055,0.0,-2.4413505151868478,0.2562124246648382,,1.0
burst,1014,Cloud-only,1275.813194159048,0.1126208460065223,0.9350000000000002,0.804945054945055,0.0,-2.4413505151868478,0.2562124246648382,,1.0
burst,1014,Edge-only,478.6584040285541,0.0935634696594877,0.9350000000000002,0.6126373626373627,0.0,-1.6776179190878375,0.2128568934753347,,3.0
burst,1014,Greedy-myopic,138.88322337968592,0.1221480410253706,0.9341758241758245,0.0302197802197802,0.0,-0.4082064365815229,0.277886793332718,,8.0
burst,1014,Local-only,1918.8958113148185,0.4314386406753445,0.9350000000000004,0.8443223443223443,0.1391941391941392,-3.4519598313446727,0.9815229075364093,,1.0
burst,1014,Static-rule,3053.736513523826,0.2032263444769441,0.9310512820512822,0.8891941391941391,0.0,-2.9051202007171395,0.4623399336850482,,2.0
burst,1015,Best-constant,1348.0497546583708,0.1129907408868157,0.9350000000000004,0.8255915863277826,0.0,-2.5439195665835848,0.2685884069830353,,1.0
burst,1015,Cloud-only,1348.0497546583708,0.1129907408868157,0.9350000000000004,0.8255915863277826,0.0,-2.5439195665835848,0.2685884069830353,,1.0
burst,1015,Edge-only,478.75239373463626,0.0941762343300415,0.9350000000000004,0.6801051709027169,0.0,-1.7718916202987216,0.2238647570220362,,3.0
burst,1015,Greedy-myopic,137.72606760980494,0.1224311834991812,0.934144609991236,0.0254163014899211,0.0,-0.4001334589141734,0.2910291257761791,,8.0
burst,1015,Local-only,1919.532180148807,0.4170234204765913,0.9350000000000004,0.866783523225241,0.1542506573181419,-3.580807328521047,0.9912994224245631,,1.0
burst,1015,Static-rule,3232.372222178331,0.2010140949771796,0.9310560911481156,0.8992112182296231,0.0,-2.955234109037778,0.4778272549353373,,2.0
burst,1016,Best-constant,977.827628391964,0.111130814055622,0.9350000000000004,0.7520585544373285,0.0,-2.2188733043784663,0.2530541245058224,,1.0
burst,1016,Cloud-only,977.827628391964,0.111130814055622,0.9350000000000004,0.7520585544373285,0.0,-2.2188733043784663,0.2530541245058224,,1.0
burst,1016,Edge-only,403.7989639609455,0.0926960095847568,0.9350000000000004,0.57548032936871,0.0,-1.5308205320505204,0.2110765384919564,,3.0
burst,1016,Greedy-myopic,137.06615340192442,0.122554656096496,0.934205855443733,0.031107044830741,0.0,-0.4085036246104203,0.2790671648197292,,8.0
burst,1016,Local-only,1688.0708441447673,0.4290532763872879,0.9350000000000004,0.827996340347667,0.1390667886550777,-3.354513413002572,0.9769900647735534,,1.0
burst,1016,Static-rule,2575.4041340001468,0.2009493274740959,0.9310951509606588,0.8764867337602927,0.0,-2.837215843204225,0.4575783644358057,,2.0
burst,1017,Best-constant,951.5137140735392,0.1135596669369206,0.9350000000000004,0.7814207650273224,0.0,-2.2791707517864244,0.2597677381182057,,1.0
burst,1017,Cloud-only,951.5137140735392,0.1135596669369206,0.9350000000000004,0.7814207650273224,0.0,-2.2791707517864244,0.2597677381182057,,1.0
burst,1017,Edge-only,382.4982224191624,0.0949786813582731,0.9350000000000004,0.6010928961748634,0.0,-1.5211090930821918,0.2172637336070497,,3.0
burst,1017,Greedy-myopic,138.89231568060478,0.1247292699686759,0.9341402550091076,0.0318761384335154,0.0,-0.413595789952064,0.2853182050533461,,8.0
burst,1017,Local-only,1651.9298411152472,0.4291693272682628,0.9350000000000004,0.843351548269581,0.1411657559198542,-3.423693292919627,0.981724836126151,,1.0
burst,1017,Static-rule,2580.633053711033,0.2023849153169276,0.9310801457194902,0.8879781420765027,0.0,-2.888880745862094,0.4629554937874717,,2.0
burst,1018,Best-constant,1071.4025883038018,0.1121065527281657,0.9350000000000004,0.7602179836512262,0.0,-2.298016267433364,0.257144405320231,,1.0
burst,1018,Cloud-only,1071.4025883038018,0.1121065527281657,0.9350000000000004,0.7602179836512262,0.0,-2.298016267433364,0.257144405320231,,1.0
burst,1018,Edge-only,396.2572746955954,0.0932490474525817,0.9350000000000004,0.6085376930063578,0.0,-1.5556852741597291,0.2138900025943593,,3.0
burst,1018,Greedy-myopic,135.9735155421942,0.1227999835498307,0.9341353315168032,0.033605812897366,0.0,-0.4094152301398088,0.2816724622674242,,8.0
burst,1018,Local-only,1602.9996103400997,0.4275598571238983,0.9350000000000004,0.8083560399636693,0.1407811080835604,-3.3631577068611938,0.9807154222779418,,1.0
burst,1018,Static-rule,2725.524495988022,0.2023439725940872,0.9310726612170754,0.8646684831970936,0.0,-2.814277810585366,0.4641264871376878,,2.0
burst,1019,Best-constant,1382.482124959305,0.1130422794877886,0.9350000000000004,0.8284132841328413,0.0,-2.542726507738526,0.2552871478432562,,1.0
burst,1019,Cloud-only,1382.482124959305,0.1130422794877886,0.9350000000000004,0.8284132841328413,0.0,-2.542726507738526,0.2552871478432562,,1.0
burst,1019,Edge-only,510.4492618962593,0.0938333649642039,0.9350000000000004,0.7047970479704797,0.0,-1.844232438155715,0.2119070158774939,,3.0
burst,1019,Greedy-myopic,138.43486992748188,0.1245506186017776,0.9341918819188194,0.0350553505535055,0.0,-0.412916451727783,0.281276813675681,,8.0
burst,1019,Local-only,1991.0644553567183,0.4330731127680018,0.9350000000000004,0.8533210332103321,0.1337638376383763,-3.495344200055111,0.978023446334404,,1.0
burst,1019,Static-rule,3196.1790846823296,0.2032305162011471,0.9310516605166052,0.8865313653136532,0.0,-2.9056337082603747,0.458962249087591,,2.0
energy,1000,Best-constant,175.07534638017052,0.1127704416172764,0.9350000000000004,0.1344086021505376,0.0,-0.6150669759772945,0.7174540127960337,,1.0
energy,1000,Cloud-only,175.07534638017052,0.1127704416172764,0.9350000000000004,0.1344086021505376,0.0,-0.6150669759772945,0.7174540127960337,,1.0
energy,1000,Edge-only,155.0422169442856,0.0939881211815708,0.9350000000000004,0.075268817204301,0.0,-0.4874719441746402,0.5981782818060624,,3.0
energy,1000,Greedy-myopic,135.83203196939192,0.1089078742996345,0.9342043010752692,0.0241935483870967,0.0,-0.4126995541939365,0.6871676617839172,,8.0
energy,1000,Local-only,307.5607199771738,0.1612903225806451,0.9350000000000004,0.7029569892473119,0.6747311827956989,-4.318861594591271,1.0,,1.0
energy,1000,Static-rule,204.7289932484905,0.1502180500973855,0.9323527696793008,0.2836021505376344,0.0779569892473118,-1.1583357298777583,0.9414582862787616,,3.0
energy,1001,Best-constant,179.6159140579611,0.1116502275992212,0.9350000000000004,0.1436241610738255,0.0,-0.6337868814164812,0.7115504196418481,,1.0
energy,1001,Cloud-only,179.6159140579611,0.1116502275992212,0.9350000000000004,0.1436241610738255,0.0,-0.6337868814164812,0.7115504196418481,,1.0
energy,1001,Edge-only,156.50309577101496,0.0931324781035005,0.9350000000000004,0.0778523489932885,0.0,-0.4932614067851819,0.5937085117396963,,3.0
energy,1001,Greedy-myopic,136.6350344426399,0.106826296616436,0.934280536912752,0.0268456375838926,0.0,-0.4185525713215158,0.6865725388142105,,8.0
energy,1001,Local-only,311.36338785963795,0.1610738255033557,0.9350000000000004,0.7355704697986577,0.6832214765100671,-4.398130358617393,1.0,,1.0
energy,1001,Static-rule,246.8425933303479,0.1560798386343973,0.9325923392612862,0.3785234899328859,0.0187919463087248,-1.1770010675308962,0.9721076442732974,,3.0
energy,1002,Best-constant,175.33521162849772,0.1112492508319386,0.9350000000000004,0.1668965517241379,0.0,-0.6598412134105845,0.6873331373735927,,1.0
energy,1002,Cloud-only,175.33521162849772,0.1112492508319386,0.9350000000000004,0.1668965517241379,0.0,-0.6598412134105845,0.6873331373735927,,1.0
energy,1002,Edge-only,154.9891357418087,0.0932054494765784,0.9350000000000004,0.0951724137931034,0.0,-0.519193341654296,0.5761721136072018,,3.0
energy,1002,Greedy-myopic,134.56514775407666,0.1094171842903974,0.9341448275862072,0.0303448275862068,0.0,-0.4278877212473105,0.6742200073730815,,8.0
energy,1002,Local-only,296.06183259831613,0.1655172413793103,0.9350000000000004,0.7117241379310345,0.6675862068965517,-4.294222781253546,1.0,,1.0
energy,1002,Static-rule,232.98544855322632,0.1537051566679373,0.9323835021707674,0.3393103448275862,0.0468965517241379,-1.2010274042005036,0.9352619843509916,,3.0
energy,1003,Best-constant,177.78921752348066,0.1121684590097592,0.9350000000000004,0.1535150645624103,0.0,-0.6454881658414933,0.6674128839192484,,1.0
energy,1003,Cloud-only,177.78921752348066,0.1121684590097592,0.9350000000000004,0.1535150645624103,0.0,-0.6454881658414933,0.6674128839192484,,1.0
energy,1003,Edge-only,154.18104918169553,0.0930111723079579,0.9350000000000004,0.0631276901004304,0.0,-0.4794267948614749,0.5534218649866169,,3.0
energy,1003,Greedy-myopic,133.8989497001726,0.1085970815448353,0.9341621233859398,0.0229555236728837,0.0,-0.4148934089285642,0.6484282095228281,,8.0
energy,1003,Local-only,293.23760356606255,0.1721664275466283,0.9350000000000004,0.6886657101865137,0.6499282639885222,-4.193842302530332,1.0,,1.0
energy,1003,Static-rule,201.22811601201192,0.1599597984541951,0.9323764705882356,0.2725968436154949,0.024390243902439,-0.991991967157571,0.9348697695003516,,3.0
energy,1004,Best-constant,176.078864295041,0.1114923289980119,0.9350000000000004,0.1675977653631284,0.0,-0.6522594491565573,0.6816208601191587,,1.0
energy,1004,Cloud-only,176.078864295041,0.1114923289980119,0.9350000000000004,0.1675977653631284,0.0,-0.6522594491565573,0.6816208601191587,,1.0
energy,1004,Edge-only,155.953283322602,0.0929397553562093,0.9350000000000004,0.0865921787709497,0.0,-0.5033557003145848,0.5681083548780976,,3.0
energy,1004,Greedy-myopic,135.75174860768738,0.1085329713683202,0.9341843575418998,0.0307262569832402,0.0,-0.4217926997134458,0.6584503542396948,,8.0
energy,1004,Local-only,302.51094126844066,0.1675977653631285,0.9350000000000004,0.7122905027932961,0.6634078212290503,-4.294954723556841,1.0,,1.0
energy,1004,Static-rule,197.34053308113155,0.1531343661055079,0.9322872180451132,0.2653631284916201,0.0712290502793296,-1.1081464931192402,0.9239806235822569,,3.0
energy,1005,Best-constant,171.82602801574657,0.110840737191095,0.9350000000000004,0.1196105702364394,0.0,-0.5919704447807784,0.6811497820081042,,1.0
energy,1005,Cloud-only,171.82602801574657,0.110840737191095,0.9350000000000004,0.1196105702364394,0.0,-0.5919704447807784,0.6811497820081042,,1.0
energy,1005,Edge-only,153.76548283973523,0.0922978184022986,0.9350000000000004,0.0695410292072322,0.0,-0.4796906319295352,0.5665357646639663,,3.0
energy,1005,Greedy-myopic,135.64874097191645,0.1063545944655628,0.9342823365785816,0.0278164116828929,0.0,-0.4150078771761685,0.6526864893977691,,8.0
energy,1005,Local-only,307.0372891759174,0.1668984700973574,0.9350000000000004,0.7301808066759388,0.6675938803894298,-4.329747161923646,1.0,,1.0
energy,1005,Static-rule,194.7681466035036,0.1545115986551343,0.9323935860058312,0.2545201668984701,0.0458970792767733,-1.0146047618127172,0.9312865178775072,,3.0
energy,1006,Best-constant,177.7003050014449,0.1133755827444581,0.9350000000000004,0.1578231292517006,0.0,-0.6531222186213098,0.709372950508661,,1.0
energy,1006,Cloud-only,177.7003050014449,0.1133755827444581,0.9350000000000004,0.1578231292517006,0.0,-0.6531222186213098,0.709372950508661,,1.0
energy,1006,Edge-only,155.22316180566315,0.0938323871609929,0.9350000000000004,0.092517006802721,0.0,-0.5125585451440602,0.5871539228558958,,3.0
energy,1006,Greedy-myopic,136.1752139688435,0.1089239125017317,0.9341891156462588,0.0340136054421768,0.0,-0.4316177171735336,0.6795225095202091,,8.0
energy,1006,Local-only,300.5046842499904,0.1632653061224489,0.9350000000000004,0.708843537414966,0.6653061224489796,-4.286062177407122,1.0,,1.0
energy,1006,Static-rule,202.19904958055156,0.1525121578116523,0.9323372262773724,0.291156462585034,0.0680272108843537,-1.1394439379289634,0.9397686876126506,,3.0
energy,1007,Best-constant,175.95040712178297,0.1131071553446349,0.9350000000000004,0.1586666666666666,0.0,-0.6442506421297944,0.7215296518502247,,1.0
energy,1007,Cloud-only,175.95040712178297,0.1131071553446349,0.9350000000000004,0.1586666666666666,0.0,-0.6442506421297944,0.7215296518502247,,1.0
energy,1007,Edge-only,155.2494987950809,0.0943721028560432,0.9350000000000004,0.0866666666666666,0.0,-0.5003892622590687,0.6018363671891169,,3.0
energy,1007,Greedy-myopic,137.2075364253766,0.1091755742830123,0.9342160000000004,0.028,0.0,-0.4221920496302671,0.6998330987792243,,8.0
energy,1007,Local-only,317.8215176545329,0.1599999999999999,0.9350000000000004,0.7493333333333333,0.6933333333333334,-4.446151521194094,1.0,,1.0
energy,1007,Static-rule,411.4633780992692,0.1569669002270663,0.9326143250688708,0.48,0.032,-1.6468994370968897,0.9834389259164918,,3.0
energy,1008,Best-constant,176.67355243839145,0.1117168603594401,0.9350000000000004,0.1722296395193591,0.0,-0.6623650851968101,0.7132983752469321,,1.0
energy,1008,Cloud-only,176.67355243839145,0.1117168603594401,0.9350000000000004,0.1722296395193591,0.0,-0.6623650851968101,0.7132983752469321,,1.0
energy,1008,Edge-only,155.3302978067292,0.0930152009760791,0.9350000000000004,0.096128170894526,0.0,-0.5148688547103545,0.5937320244199006,,3.0
energy,1008,Greedy-myopic,135.0119222713046,0.1081306291425188,0.9342202937249668,0.0253671562082777,0.0,-0.4166011655436704,0.6835842444143978,,8.0
energy,1008,Local-only,304.3330254475016,0.1602136181575434,0.9350000000000004,0.7169559412550067,0.6769025367156208,-4.341036810712163,1.0,,1.0
energy,1008,Static-rule,273.7286030771297,0.1477399488446564,0.9323057607090108,0.4165554072096128,0.096128170894526,-1.5080415442316382,0.9330546085879288,,3.0
energy,1009,Best-constant,175.70615693145203,0.1121560936555049,0.9350000000000004,0.1432506887052341,0.0,-0.6238176122936875,0.6970305022074404,,1.0
energy,1009,Cloud-only,175.70615693145203,0.1121560936555049,0.9350000000000004,0.1432506887052341,0.0,-0.6238176122936875,0.6970305022074404,,1.0
energy,1009,Edge-only,155.65828310178756,0.0934890279180439,0.9350000000000004,0.0826446280991735,0.0,-0.4960816647522769,0.5810800460653798,,3.0
energy,1009,Greedy-myopic,136.2348514585963,0.1078622568359212,0.9342341597796144,0.0275482093663911,0.0,-0.4169013651901406,0.6678617505599695,,8.0
energy,1009,Local-only,305.8697949221662,0.1652892561983471,0.9350000000000004,0.7107438016528925,0.6680440771349863,-4.307283139734642,1.0,,1.0
energy,1009,Static-rule,231.23712474547608,0.1552588789059532,0.9324252873563222,0.3305785123966942,0.0413223140495867,-1.1622348580195043,0.9494301811508478,,3.0
energy,1010,Best-constant,175.53474405236437,0.1158317838520923,0.9350000000000004,0.1559507523939808,0.0,-0.6474423210624486,0.7217854016545056,,1.0
energy,1010,Cloud-only,175.53474405236437,0.1158317838520923,0.9350000000000004,0.1559507523939808,0.0,-0.6474423210624486,0.7217854016545056,,1.0
energy,1010,Edge-only,155.98527850034057,0.096816370732204,0.9350000000000004,0.0916552667578659,0.0,-0.5149692957150528,0.6036623882266691,,3.0
energy,1010,Greedy-myopic,134.68066303246465,0.1129380062702894,0.9339876880984954,0.0287277701778385,0.0,-0.4273241491457032,0.7058628291482465,,8.0
energy,1010,Local-only,301.5217827808723,0.1641586867305061,0.9350000000000004,0.7140902872777017,0.6771545827633378,-4.324438806537585,1.0,,1.0
energy,1010,Static-rule,228.03020802108608,0.1570113389938465,0.9324736842105268,0.3419972640218878,0.0383036935704514,-1.1697477828330178,0.9637172833645956,,3.0
energy,1011,Best-constant,171.5948770714295,0.1122891456192253,0.9350000000000002,0.1443768996960486,0.0,-0.6185463122997747,0.6299750790146419,,1.0
energy,1011,Cloud-only,171.5948770714295,0.1122891456192253,0.9350000000000002,0.1443768996960486,0.0,-0.6185463122997747,0.6299750790146419,,1.0
energy,1011,Edge-only,152.30613779291176,0.0929715009088568,0.9350000000000002,0.0972644376899696,0.0,-0.5066698767501393,0.5216441099488139,,3.0
energy,1011,Greedy-myopic,135.6197075065859,0.107982776188356,0.9341854103343468,0.033434650455927,0.0,-0.4216474981525845,0.6055297219457442,,8.0
energy,1011,Local-only,295.49599138820184,0.1823708206686929,0.9350000000000004,0.6930091185410334,0.6428571428571429,-4.182087986956232,1.0,,1.0
energy,1011,Static-rule,183.7154826454535,0.1649854018418463,0.9322857142857144,0.2203647416413373,0.0212765957446808,-0.8869207424310283,0.9119412707914488,,3.0
energy,1012,Best-constant,177.1163427448447,0.1149419436752371,0.9350000000000004,0.1724581724581724,0.0,-0.6718467153242721,0.7619678032325068,,1.0
energy,1012,Cloud-only,177.1163427448447,0.1149419436752371,0.9350000000000004,0.1724581724581724,0.0,-0.6718467153242721,0.7619678032325068,,1.0
energy,1012,Edge-only,157.16445971479382,0.0953677899322101,0.9350000000000004,0.0965250965250965,0.0,-0.5235265113395187,0.6320739156007102,,3.0
energy,1012,Greedy-myopic,136.73237734573857,0.1086142007150831,0.9342175032175034,0.027027027027027,0.0,-0.4272952668862347,0.7242543342695087,,8.0
energy,1012,Local-only,309.97577661749426,0.1544401544401544,0.9350000000000004,0.7323037323037324,0.7001287001287001,-4.451079167333963,1.0,,1.0
energy,1012,Static-rule,417.16254538805975,0.1525907375743142,0.9326118598382752,0.4594594594594595,0.045045045045045,-1.5937523675533272,0.9896276376376762,,3.0
energy,1013,Best-constant,175.9339702006377,0.1112676488022362,0.9350000000000004,0.143239625167336,0.0,-0.6259796141621549,0.7091081900127963,,1.0
energy,1013,Cloud-only,175.9339702006377,0.1112676488022362,0.9350000000000004,0.143239625167336,0.0,-0.6259796141621549,0.7091081900127963,,1.0
energy,1013,Edge-only,154.41000032433678,0.0926853535393562,0.9350000000000004,0.0883534136546184,0.0,-0.5003817511134436,0.5909831906598138,,3.0
energy,1013,Greedy-myopic,135.2430392253346,0.1080499319054855,0.9342342704149936,0.0294511378848728,0.0,-0.4184536606919673,0.6836925815426125,,8.0
energy,1013,Local-only,302.9650739237096,0.1606425702811245,0.9350000000000004,0.7121820615796519,0.677376171352075,-4.328739691718285,1.0,,1.0
energy,1013,Static-rule,288.0240640264778,0.1511114318272472,0.932402298850575,0.4230254350736278,0.0682730923694779,-1.4580845431374778,0.9505572192705114,,3.0
energy,1014,Best-constant,175.64956717853514,0.1130521440104081,0.9350000000000004,0.1424619640387275,0.0,-0.6266318371414292,0.6957703419333336,,1.0
energy,1014,Cloud-only,175.64956717853514,0.1130521440104081,0.9350000000000004,0.1424619640387275,0.0,-0.6266318371414292,0.6957703419333336,,1.0
energy,1014,Edge-only,154.19930625545248,0.0934220819863855,0.9350000000000004,0.0774550484094052,0.0,-0.4898966620595449,0.5750922042001247,,3.0
energy,1014,Greedy-myopic,135.87123357306888,0.1076230754038698,0.9341922544951592,0.0193637621023513,0.0,-0.4090180908262715,0.6575006806624316,,8.0
energy,1014,Local-only,303.6263004914878,0.1659751037344398,0.9350000000000004,0.7040110650069157,0.6639004149377593,-4.2837296498874124,1.0,,1.0
energy,1014,Static-rule,202.62495278541437,0.1517846089315923,0.9322857142857146,0.2835408022130014,0.0705394190871369,-1.133994449477308,0.9247039633647416,,3.0
energy,1015,Best-constant,177.58775777786155,0.1118427990469345,0.9350000000000004,0.1677588466579292,0.0,-0.6618368759925184,0.7276539203259882,,1.0
energy,1015,Cloud-only,177.58775777786155,0.1118427990469345,0.9350000000000004,0.1677588466579292,0.0,-0.6618368759925184,0.7276539203259882,,1.0
energy,1015,Edge-only,154.52655456173449,0.0930340198771487,0.9350000000000004,0.0799475753604194,0.0,-0.4976601795455533,0.6057433470289761,,3.0
energy,1015,Greedy-myopic,134.8361903259077,0.1075507239863858,0.9341821756225428,0.0235910878112712,0.0,-0.4171735952231721,0.7011487315295849,,8.0
energy,1015,Local-only,312.04748963213154,0.1572739187418086,0.9350000000000004,0.747051114023591,0.690694626474443,-4.4299083792326766,1.0,,1.0
energy,1015,Static-rule,251.99144694968493,0.1515941198432645,0.9325208913649028,0.381389252948886,0.0589777195281782,-1.3192184858538714,0.9678621618812692,,3.0
energy,1016,Best-constant,172.5116854769657,0.1104932771707824,0.9350000000000004,0.1590909090909091,0.0,-0.6404079163726234,0.6617046783789062,,1.0
energy,1016,Cloud-only,172.5116854769657,0.1104932771707824,0.9350000000000004,0.1590909090909091,0.0,-0.6404079163726234,0.6617046783789062,,1.0
energy,1016,Edge-only,153.12453473647008,0.0922716981993812,0.9350000000000004,0.0923295454545454,0.0,-0.5086247691655601,0.5525964804224929,,3.0
energy,1016,Greedy-myopic,134.19170697283735,0.1054962917334397,0.934193181818182,0.0298295454545454,0.0,-0.4209257339533081,0.6349782643584971,,8.0
energy,1016,Local-only,297.01010721864435,0.1704545454545454,0.9350000000000004,0.7230113636363636,0.6661931818181818,-4.30717388655976,1.0,,1.0
energy,1016,Static-rule,272.80854832910313,0.1626175135676892,0.9325284090909094,0.3693181818181818,0.0,-1.169114779674185,0.9583450903310056,,3.0
energy,1017,Best-constant,178.9927783093146,0.1145353299564008,0.9350000000000004,0.1756032171581769,0.0,-0.6836745878954313,0.7301044450846764,,1.0
energy,1017,Cloud-only,178.9927783093146,0.1145353299564008,0.9350000000000004,0.1756032171581769,0.0,-0.6836745878954313,0.7301044450846764,,1.0
energy,1017,Edge-only,156.64384109741863,0.0954006053176307,0.9350000000000004,0.1018766756032171,0.0,-0.5326591322342026,0.6078353127766407,,3.0
energy,1017,Greedy-myopic,136.0985983647909,0.1126533866120278,0.9341742627345846,0.0335120643431635,0.0,-0.4402580840120966,0.7110781513813922,,8.0
energy,1017,Local-only,293.28728220237514,0.160857908847185,0.9350000000000004,0.7024128686327078,0.6635388739946381,-4.270577758958422,1.0,,1.0
energy,1017,Static-rule,268.4429655909044,0.1480506588365816,0.9322444444444448,0.3914209115281501,0.0951742627345844,-1.4746605400434676,0.9311676598377222,,3.0
energy,1018,Best-constant,174.4195172104087,0.1125052340790116,0.9350000000000004,0.1357850070721357,0.0,-0.6190749380865087,0.6789741754519486,,1.0
energy,1018,Cloud-only,174.4195172104087,0.1125052340790116,0.9350000000000004,0.1357850070721357,0.0,-0.6190749380865087,0.6789741754519486,,1.0
energy,1018,Edge-only,154.704095902046,0.0937620840017164,0.9350000000000004,0.0848656294200848,0.0,-0.5002505487882843,0.5661277030236777,,3.0
energy,1018,Greedy-myopic,135.30665628791735,0.1083014972432252,0.9341513437057992,0.0381895332390381,0.0,-0.4300069623959391,0.6527231328480787,,8.0
energy,1018,Local-only,302.6554140597203,0.1697312588401697,0.9350000000000004,0.7128712871287128,0.6633663366336634,-4.290401779688521,1.0,,1.0
energy,1018,Static-rule,207.6664424651294,0.1575743062214185,0.9323900293255136,0.2984441301272984,0.0353606789250353,-1.0652253469248223,0.9386489858996536,,3.0
energy,1019,Best-constant,172.06666407683772,0.1137685625881742,0.9350000000000004,0.1402985074626865,0.0,-0.6120657831359034,0.6494827350493781,,1.0
energy,1019,Cloud-only,172.06666407683772,0.1137685625881742,0.9350000000000004,0.1402985074626865,0.0,-0.6120657831359034,0.6494827350493781,,1.0
energy,1019,Edge-only,152.82046814147014,0.0936751651801653,0.9350000000000004,0.0880597014925373,0.0,-0.4942640070049344,0.5340342485378209,,3.0
energy,1019,Greedy-myopic,134.07035342342084,0.1106232447401416,0.9341522388059704,0.0253731343283582,0.0,-0.4089171384751636,0.6283459961923403,,8.0
energy,1019,Local-only,299.97581008905456,0.1791044776119403,0.9350000000000004,0.6835820895522388,0.6432835820895523,-4.1692462891206805,1.0,,1.0
energy,1019,Static-rule,188.7483161830764,0.1612017130411785,0.9321918876755072,0.2223880597014925,0.0432835820895522,-0.9620243039028464,0.9118545062124892,,3.0
fluctuation,1000,Best-constant,181.1278050234848,0.2111108140302352,0.9310000000000004,0.1850393700787401,0.0,-0.726742583154319,0.3351384172729988,,1.0
fluctuation,1000,Cloud-only,223.04564990610643,0.152576184359887,0.9350000000000004,0.3661417322834646,0.0,-0.9333188808551992,0.2422146926713206,,1.0
fluctuation,1000,Edge-only,173.38812813435214,0.1118872850817919,0.9350000000000004,0.1627296587926509,0.0,-0.6001453856213517,0.1776210650673449,,3.0
fluctuation,1000,Greedy-myopic,133.36697981209835,0.1579278884141584,0.9340971128608926,0.0341207349081364,0.0,-0.4059379539082556,0.2507105228574766,,8.0
fluctuation,1000,Local-only,175.23032016601957,0.5082036325788301,0.9350000000000004,0.1719160104986876,0.0065616797900262,-0.9893658697240514,0.8067732667188928,,1.0
fluctuation,1000,Static-rule,154.28074606242953,0.2827081458231021,0.9331469816272968,0.1167979002624672,0.0,-0.6197838324183507,0.4487991814941745,,3.0
fluctuation,1001,Best-constant,185.62776863638285,0.2132925458972634,0.9310000000000004,0.2024128686327077,0.0,-0.7595851132291628,0.3314921650819971,,1.0
fluctuation,1001,Cloud-only,221.42257332590327,0.1519643545618844,0.9350000000000004,0.3914209115281501,0.0,-0.9607419925512564,0.2361779343815948,,1.0
fluctuation,1001,Edge-only,174.07319473090791,0.1127450530118299,0.9350000000000004,0.1729222520107238,0.0,-0.6169709466025561,0.1752246032225526,,3.0
fluctuation,1001,Greedy-myopic,134.1353389567425,0.1627915247439682,0.9340938337801612,0.0415549597855227,0.0,-0.4203469407873908,0.2530051613729176,,8.0
fluctuation,1001,Local-only,180.0202364352064,0.5147826313684648,0.9350000000000004,0.1876675603217158,0.0040214477211796,-1.0100367624471172,0.8000580062518228,,1.0
fluctuation,1001,Static-rule,159.18019099231182,0.2810180270328941,0.9330857908847188,0.1447721179624665,0.0,-0.6608055411841655,0.4367488503469563,,3.0
fluctuation,1002,Best-constant,178.14984818923662,0.2072957113409189,0.9310000000000004,0.1978021978021978,0.0,-0.746573788397995,0.3143984955337271,,1.0
fluctuation,1002,Cloud-only,212.4717629354812,0.1464730948194822,0.9350000000000004,0.3653846153846153,0.0,-0.9251974349750716,0.2221508604762145,,1.0
fluctuation,1002,Edge-only,168.55591606599276,0.1092144058742954,0.9350000000000004,0.1620879120879121,0.0,-0.6033070731841056,0.1656418489093484,,3.0
fluctuation,1002,Greedy-myopic,129.02749482373238,0.1572979438672229,0.9340879120879122,0.0343406593406593,0.0,-0.4069770143968386,0.2385685481986214,,8.0
fluctuation,1002,Local-only,166.76703323337807,0.5042713801165947,0.9350000000000004,0.1675824175824175,0.0,-0.9238605870544974,0.7648115931768353,,1.0
fluctuation,1002,Static-rule,143.15587015802325,0.2679621543768919,0.9330659340659344,0.092032967032967,0.0,-0.5701908590005081,0.4064092674716194,,3.0
fluctuation,1003,Best-constant,165.41370399924708,0.2082817305870604,0.9310000000000004,0.1380813953488372,0.0,-0.6462680068272425,0.2985371471747866,,1.0
fluctuation,1003,Cloud-only,218.4971032745727,0.1545459903359663,0.9350000000000004,0.375,0.0,-0.9425877687672926,0.2215159194815514,,1.0
fluctuation,1003,Edge-only,170.85419763339502,0.1135655962884818,0.9350000000000004,0.1642441860465116,0.0,-0.6057585434426265,0.1627773546801574,,3.0
fluctuation,1003,Greedy-myopic,130.48795366693813,0.1583247285604967,0.9339883720930232,0.0392441860465116,0.0,-0.4112007489697665,0.2269321109367116,,8.0
fluctuation,1003,Local-only,157.65288683040552,0.5042953073338547,0.9350000000000004,0.1380813953488372,0.0,-0.8465883432127986,0.7228232738451916,,1.0
fluctuation,1003,Static-rule,140.70669237790742,0.2781238192862925,0.93321511627907,0.0828488372093023,0.0,-0.5494589913454073,0.3986441409770193,,3.0
fluctuation,1004,Best-constant,181.81252297347496,0.2131068724852936,0.9310000000000004,0.2049861495844875,0.0,-0.7568413281028931,0.3205482540299628,,1.0
fluctuation,1004,Cloud-only,219.8439703108428,0.1512507087164299,0.9350000000000004,0.3781163434903047,0.0,-0.953642829717962,0.2275062743609633,,1.0
fluctuation,1004,Edge-only,172.27896936287135,0.1112525258071255,0.9350000000000004,0.1911357340720221,0.0,-0.6361901195379965,0.1673423409015513,,3.0
fluctuation,1004,Greedy-myopic,133.92932767877937,0.1571212519401577,0.9340415512465376,0.038781163434903,0.0,-0.4193712842437133,0.2363365497933208,,8.0
fluctuation,1004,Local-only,173.0574146804973,0.5174496924074096,0.9350000000000004,0.1897506925207756,0.0,-0.9724273273211604,0.7783305789961452,,1.0
fluctuation,1004,Static-rule,157.87840696232828,0.2835857091425969,0.9330110803324104,0.1468144044321329,0.0,-0.6645115660332487,0.4265601708353231,,3.0
fluctuation,1005,Best-constant,173.26975907276423,0.2122395747333645,0.9310000000000004,0.1777777777777777,0.0,-0.7071180486153461,0.318359362100047,,1.0
fluctuation,1005,Cloud-only,214.0020966026333,0.1508539821891815,0.9350000000000004,0.3722222222222222,0.0,-0.9263872165805788,0.2262809732837722,,1.0
fluctuation,1005,Edge-only,170.59587465218763,0.1111584557667152,0.9350000000000004,0.1638888888888889,0.0,-0.6014738958367052,0.1667376836500728,,3.0
fluctuation,1005,Greedy-myopic,132.788001931796,0.1597289951771145,0.934088888888889,0.0319444444444444,0.0,-0.4076660103486369,0.2395934927656718,,8.0
fluctuation,1005,Local-only,168.84477129247378,0.5148957967060668,0.9350000000000004,0.1819444444444444,0.0,-0.951730081964266,0.7723436950590998,,1.0
fluctuation,1005,Static-rule,150.05949483482956,0.2816766149564758,0.9332222222222224,0.1194444444444444,0.0,-0.6123096619652895,0.422514922434714,,3.0
fluctuation,1006,Best-constant,176.3933161811558,0.2090122793017314,0.9310000000000004,0.198087431693989,0.0,-0.7372504268573761,0.3187437259351404,,1.0
fluctuation,1006,Cloud-only,213.6935179024523,0.1474391732662091,0.9350000000000004,0.3633879781420765,0.0,-0.9276436113040204,0.2248447392309684,,1.0
fluctuation,1006,Edge-only,169.3249986160939,0.1092068616409037,0.9350000000000004,0.174863387978142,0.0,-0.6168021623658737,0.1665404640023777,,3.0
fluctuation,1006,Greedy-myopic,131.6158728904377,0.1547594242546383,0.934098360655738,0.0396174863387978,0.0,-0.4163120559281763,0.2360081219883236,,8.0
fluctuation,1006,Local-only,165.93388630185822,0.5097037712329006,0.9350000000000004,0.1653005464480874,0.0,-0.929542314168568,0.7772982511301729,,1.0
fluctuation,1006,Static-rule,147.34019128931808,0.2667213756204666,0.9330218579234976,0.1188524590163934,0.0,-0.6041647459509557,0.4067500978212112,,3.0
fluctuation,1007,Best-constant,189.62623883117448,0.210059687347748,0.9310000000000004,0.2347480106100795,0.0,-0.7972009817432885,0.3299687588754211,,1.0
fluctuation,1007,Cloud-only,219.0940271592804,0.152645327053909,0.9350000000000004,0.363395225464191,0.0,-0.9219438055130652,0.2397803679138485,,1.0
fluctuation,1007,Edge-only,171.04988979703307,0.1122088662450464,0.9350000000000004,0.163129973474801,0.0,-0.595592562891217,0.1762614273932606,,3.0
fluctuation,1007,Greedy-myopic,132.32432860672728,0.1569297925518082,0.93406100795756,0.0238726790450928,0.0,-0.3931309105630328,0.2465105491334657,,8.0
fluctuation,1007,Local-only,180.11251562461234,0.508354975546624,0.9350000000000004,0.1989389920424403,0.0026525198938992,-1.0051479134164851,0.7985409407544884,,1.0
fluctuation,1007,Static-rule,152.17233858833958,0.2796560603068624,0.933164456233422,0.1193633952254641,0.0,-0.6137402570685707,0.4392930613986965,,3.0
fluctuation,1008,Best-constant,187.08351573446603,0.2091130625451006,0.9310000000000004,0.2396804260985353,0.0,-0.8071293401335753,0.3271748124403555,,1.0
fluctuation,1008,Cloud-only,215.0127029476506,0.1499955831819405,0.9350000000000004,0.3728362183754993,0.0,-0.940914987156278,0.2346805895200775,,1.0
fluctuation,1008,Edge-only,171.1848185061018,0.1115260778135222,0.9350000000000004,0.1731025299600532,0.0,-0.6210050458829979,0.1744918425790734,,3.0
fluctuation,1008,Greedy-myopic,131.6792988440875,0.1578644689810261,0.9340572569906792,0.0466045272969374,0.0,-0.4251008986875054,0.2469921170932306,,8.0
fluctuation,1008,Local-only,173.40279058947146,0.5081097868385306,0.9350000000000004,0.1890812250332889,0.0,-0.9785582609915344,0.7949801039911174,,1.0
fluctuation,1008,Static-rule,147.93524301577074,0.2711538423534338,0.9330612516644476,0.1131824234354194,0.0,-0.6030790001752135,0.4242427825154771,,3.0
fluctuation,1009,Best-constant,180.8755117124928,0.2123773958946903,0.9310000000000002,0.1821974965229485,0.0,-0.7252368206694771,0.3181236409339216,,1.0
fluctuation,1009,Cloud-only,215.69079606774773,0.1512081234764201,0.9350000000000004,0.3699582753824756,0.0,-0.9258626697056646,0.226497168290721,,1.0
fluctuation,1009,Edge-only,172.6557894930541,0.1119571107542158,0.9350000000000004,0.1557719054242002,0.0,-0.595849921714424,0.1677024221505857,,3.0
fluctuation,1009,Greedy-myopic,133.0746146500536,0.1579292734562621,0.9340876216968014,0.0347705146036161,0.0,-0.4080396588662877,0.2365648908646929,,8.0
fluctuation,1009,Local-only,170.42049991573433,0.516038050590008,0.9350000000000004,0.1557719054242002,0.0,-0.925221045640435,0.7729819966129496,,1.0
fluctuation,1009,Static-rule,151.69336491834483,0.2755714768946293,0.9332308762169682,0.1112656467315716,0.0,-0.5986430551319052,0.4127831080984137,,3.0
fluctuation,1010,Best-constant,169.1697003217298,0.2101429348661369,0.9310000000000002,0.1571627260083449,0.0,-0.6810637647200705,0.3147766045182345,,1.0
fluctuation,1010,Cloud-only,216.6805724355707,0.1538183936815823,0.9350000000000004,0.3810848400556328,0.0,-0.9526410245590076,0.2304071355355371,,1.0
fluctuation,1010,Edge-only,172.41232612971288,0.1144400261860199,0.9350000000000004,0.1738525730180806,0.0,-0.6236241119750436,0.1714216225578088,,3.0
fluctuation,1010,Greedy-myopic,132.3240339090543,0.1625398369333041,0.9340208623087624,0.0361613351877607,0.0,-0.4167160147177918,0.2434711307396785,,8.0
fluctuation,1010,Local-only,162.01800192631097,0.5097773282791364,0.9350000000000004,0.1446453407510431,0.0,-0.8936626175166771,0.763603956318123,,1.0
fluctuation,1010,Static-rule,143.5502591632035,0.2778457883609986,0.9329860917941588,0.0917941585535466,0.0,-0.5739044509362775,0.4161898371490792,,3.0
fluctuation,1011,Best-constant,164.50427423122855,0.2126193488274639,0.9310000000000004,0.1489361702127659,0.0,-0.6610356446751106,0.2914656906843154,,1.0
fluctuation,1011,Cloud-only,212.58567307450448,0.1505720950888383,0.9350000000000002,0.3571428571428571,0.0,-0.9178460065335656,0.2064092470176156,,1.0
fluctuation,1011,Edge-only,168.56024504197148,0.1110749279462754,0.9350000000000002,0.1519756838905775,0.0,-0.5920202294623961,0.1522652137263527,,3.0
fluctuation,1011,Greedy-myopic,134.15130459804774,0.1526994711914941,0.9341185410334348,0.0379939209726443,0.0,-0.4169003719792337,0.2093255250916732,,8.0
fluctuation,1011,Local-only,157.70307089462133,0.5161703499414423,0.9350000000000002,0.1504559270516717,0.0,-0.864058177535382,0.7075835213780604,,1.0
fluctuation,1011,Static-rule,142.27473625602696,0.2785476105729135,0.9330790273556232,0.0911854103343465,0.0,-0.5630022846867324,0.3818423494937022,,3.0
fluctuation,1012,Best-constant,175.59436571564905,0.2109345579376633,0.9310000000000004,0.1791237113402062,0.0,-0.7149115576903727,0.341010868665889,,1.0
fluctuation,1012,Cloud-only,214.95427881775248,0.1513963574830256,0.9350000000000004,0.3595360824742268,0.0,-0.916104332343892,0.2447574445975578,,1.0
fluctuation,1012,Edge-only,171.6835618467717,0.1120882430895069,0.9350000000000004,0.1533505154639175,0.0,-0.5946127524333834,0.1812093263280362,,3.0
fluctuation,1012,Greedy-myopic,132.4888203537142,0.1540272691983299,0.9340412371134024,0.0283505154639175,0.0,-0.401985650722128,0.2490107518706331,,8.0
fluctuation,1012,Local-only,172.28261921364992,0.506652959878911,0.9350000000000004,0.1739690721649484,0.0115979381443298,-1.0151526961465505,0.8190889518042394,,1.0
fluctuation,1012,Static-rule,146.75642471207402,0.2703330074317314,0.9330979381443302,0.0889175257731958,0.0,-0.5717081115032198,0.4370383620146323,,3.0
fluctuation,1013,Best-constant,179.96454143609708,0.2094948540658884,0.9310000000000004,0.2083879423328964,0.0,-0.7593348932628272,0.3330095284422352,,1.0
fluctuation,1013,Cloud-only,217.1943564025245,0.1476483120754577,0.9350000000000004,0.3840104849279161,0.0,-0.9577367274812948,0.2346992960699463,,1.0
fluctuation,1013,Edge-only,171.18542410421983,0.1091682099341992,0.9350000000000004,0.1795543905635648,0.0,-0.6261359585220392,0.1735319670412373,,3.0
fluctuation,1013,Greedy-myopic,130.9971852199186,0.155059869405011,0.934119266055046,0.0314547837483617,0.0,-0.4056115862398223,0.2464805840750491,,8.0
fluctuation,1013,Local-only,170.31918584695046,0.507258742270887,0.9350000000000004,0.1743119266055046,0.0039318479685452,-0.9746677358848964,0.8063300424014308,,1.0
fluctuation,1013,Static-rule,149.9201771861372,0.2715695314435664,0.9331756225425952,0.1127129750982962,0.0,-0.6053353807643042,0.4316824010238356,,3.0
fluctuation,1014,Best-constant,171.42149479406285,0.2114204673272622,0.9310000000000004,0.1659634317862166,0.0,-0.6900840971598257,0.3131665672285073,,1.0
fluctuation,1014,Cloud-only,213.25531525482197,0.1495407672232301,0.9350000000000004,0.3811533052039381,0.0,-0.934189399460042,0.2215072614494095,,1.0
fluctuation,1014,Edge-only,169.50560567724122,0.1098844500528748,0.9350000000000004,0.1617440225035162,0.0,-0.597679543045482,0.1627663416408209,,3.0
fluctuation,1014,Greedy-myopic,133.71507886486512,0.155129610096036,0.934032348804501,0.0281293952180028,0.0,-0.4054705065339225,0.2297857349547537,,8.0
fluctuation,1014,Local-only,163.92673892635264,0.5139666787732067,0.9350000000000004,0.1392405063291139,0.0,-0.8856623530355642,0.7613131429328127,,1.0
fluctuation,1014,Static-rule,151.2997106529049,0.2755798111404025,0.9329296765119552,0.1167369901547116,0.0,-0.6103130627738488,0.4082025952517215,,3.0
fluctuation,1015,Best-constant,174.29442871953407,0.2082021311573883,0.9310000000000004,0.1760752688172043,0.0,-0.7090138487842096,0.3227133032939518,,1.0
fluctuation,1015,Cloud-only,216.1255697049635,0.151328794417602,0.9350000000000004,0.3763440860215054,0.0,-0.9404928710839509,0.2345596313472825,,1.0
fluctuation,1015,Edge-only,170.5221294808958,0.1117870182737907,0.9350000000000004,0.1586021505376344,0.0,-0.5990867579681218,0.1732698783243755,,3.0
fluctuation,1015,Greedy-myopic,132.74777416213914,0.1543586908262509,0.9340107526881724,0.0403225806451612,0.0,-0.4163940871613584,0.2392559707806887,,8.0
fluctuation,1015,Local-only,165.15471217736976,0.5061413409672788,0.9350000000000004,0.1559139784946236,0.0,-0.91783904841503,0.7845190784992815,,1.0
fluctuation,1015,Static-rule,149.3737331611549,0.2717143654367642,0.932935483870968,0.1102150537634408,0.0,-0.6023448728326211,0.4211572664269846,,3.0
fluctuation,1016,Best-constant,175.866817920867,0.2085410808388146,0.9310000000000004,0.1988636363636363,0.0,-0.7372814265468631,0.3058602518969282,,1.0
fluctuation,1016,Cloud-only,204.2823328004678,0.1406624296621958,0.9350000000000004,0.3465909090909091,0.0,-0.8849883397009706,0.206304896837887,,1.0
fluctuation,1016,Edge-only,165.2616378296491,0.1051459081861483,0.9350000000000004,0.1491477272727272,0.0,-0.5807302056124182,0.1542139986730177,,3.0
fluctuation,1016,Greedy-myopic,129.3328360176477,0.1449953958363894,0.934136363636364,0.0355113636363636,0.0,-0.4036439815648212,0.2126599138933711,,8.0
fluctuation,1016,Local-only,166.43927874662631,0.5095753400906389,0.9350000000000004,0.1860795454545454,0.0,-0.9391985768181412,0.7473771654662702,,1.0
fluctuation,1016,Static-rule,144.26343364309605,0.2601798640967998,0.9329204545454548,0.1164772727272727,0.0,-0.5917568771320897,0.3815971340086397,,3.0
fluctuation,1017,Best-constant,183.6825551447039,0.2092293451896826,0.9310000000000004,0.2170963364993215,0.0,-0.7790281555296864,0.3212542237599914,,1.0
fluctuation,1017,Cloud-only,213.60373505530293,0.1468440532904209,0.9350000000000004,0.3595658073270013,0.0,-0.9191538945413956,0.2254668068230003,,1.0
fluctuation,1017,Edge-only,169.82417769989584,0.1095069618305035,0.9350000000000004,0.1709633649932157,0.0,-0.6128106451204404,0.1681388143105852,,3.0
fluctuation,1017,Greedy-myopic,130.52555596277327,0.1553236098306598,0.9340447761194032,0.0352781546811397,0.0,-0.4098195474512202,0.238486459260825,,8.0
fluctuation,1017,Local-only,172.76415596284355,0.5089538145520129,0.9350000000000004,0.2035278154681139,0.0027137042062415,-1.0024160506704305,0.7814561694267362,,1.0
fluctuation,1017,Static-rule,143.21045754607272,0.2625232946321636,0.9331166892808684,0.0895522388059701,0.0,-0.5610062256148111,0.4030826419664676,,3.0
fluctuation,1018,Best-constant,175.35016782324007,0.2094013504212907,0.9310000000000004,0.1891117478510028,0.0,-0.7233163586249916,0.3045044637376271,,1.0
fluctuation,1018,Cloud-only,208.84917720248228,0.1472187397445793,0.9350000000000004,0.3495702005730659,0.0,-0.8929057960115773,0.2140805840452423,,1.0
fluctuation,1018,Edge-only,167.8446190089872,0.109168653889771,0.9350000000000004,0.1504297994269341,0.0,-0.582006279097872,0.1587494175313759,,3.0
fluctuation,1018,Greedy-myopic,130.8847659123932,0.152628913043254,0.9340945558739258,0.0401146131805157,0.0,-0.4093863007870972,0.2219478777170652,,7.0
fluctuation,1018,Local-only,167.24925735019832,0.5110277737053498,0.9350000000000004,0.164756446991404,0.0,-0.9177061629229748,0.7431195542631961,,1.0
fluctuation,1018,Static-rule,147.37919541789805,0.264198676705728,0.933057306590258,0.1060171919770773,0.0,-0.5835046001252643,0.3841889090429129,,3.0
fluctuation,1019,Best-constant,174.80788420469605,0.2115236407155427,0.9310000000000002,0.1828908554572271,0.0,-0.7142025320656148,0.2987771425107043,,1.0
fluctuation,1019,Cloud-only,222.1866667014475,0.1577325499684604,0.9350000000000004,0.3893805309734513,0.0,-0.9711112432311304,0.2227972268304503,,1.0
fluctuation,1019,Edge-only,173.60194595465683,0.1159359555954871,0.9350000000000004,0.1755162241887905,0.0,-0.6249050147179723,0.1637595372786257,,3.0
fluctuation,1019,Greedy-myopic,133.51837157796422,0.1645894865018875,0.9340914454277288,0.0339233038348082,0.0,-0.4128934431842688,0.2324826496839163,,8.0
fluctuation,1019,Local-only,162.5828086893071,0.5114355324104212,0.9350000000000004,0.1283185840707964,0.0,-0.8495792545336,0.72240268952972,,1.0
fluctuation,1019,Static-rule,151.42008422134452,0.2809311046021181,0.9331120943952804,0.103244837758112,0.0,-0.5948882954571315,0.3968151852504917,,3.0
normal,1000,Best-constant,177.82193784763723,0.1117004845530563,0.9350000000000004,0.1469816272965879,0.0,-0.5947511842179091,0.1773245192279769,,1.0
normal,1000,Cloud-only,177.82193784763723,0.1117004845530563,0.9350000000000004,0.1469816272965879,0.0,-0.5947511842179091,0.1773245192279769,,1.0
normal,1000,Edge-only,156.121614486503,0.0927248723691371,0.9350000000000004,0.0787401574803149,0.0,-0.4696300482740121,0.147200734886005,,3.0
normal,1000,Greedy-myopic,133.6171384047581,0.1132809468748394,0.9341128608923888,0.0262467191601049,0.0,-0.3804761094949113,0.1798335031638077,,8.0
normal,1000,Local-only,175.23032016601957,0.5082036325788301,0.9350000000000004,0.1719160104986876,0.0065616797900262,-0.9893658697240514,0.8067732667188928,,1.0
normal,1000,Static-rule,168.6888552893448,0.2022480604996146,0.9310682414698166,0.1430446194225721,0.0,-0.650798263951357,0.3210687960431381,,2.0
normal,1001,Best-constant,179.8300841220031,0.1118742181639882,0.9350000000000004,0.1474530831099195,0.0,-0.6047050693201276,0.1738711807298649,,1.0
normal,1001,Cloud-only,179.8300841220031,0.1118742181639882,0.9350000000000004,0.1474530831099195,0.0,-0.6047050693201276,0.1738711807298649,,1.0
normal,1001,Edge-only,156.92227687736437,0.0934087535385768,0.9350000000000004,0.0804289544235924,0.0,-0.4777974616046127,0.1451727711245382,,3.0
normal,1001,Greedy-myopic,133.54344802510946,0.1158404163637125,0.9340187667560323,0.0268096514745308,0.0,-0.3859589146008629,0.1800353137652698,,8.0
normal,1001,Local-only,180.0202364352064,0.5147826313684648,0.9350000000000004,0.1876675603217158,0.0040214477211796,-1.0100367624471172,0.8000580062518228,,1.0
normal,1001,Static-rule,172.6240687923774,0.2037388095785587,0.9310857908847188,0.1474530831099195,0.0,-0.6681922401362126,0.3166440665533434,,2.0
normal,1002,Best-constant,175.39390025862457,0.1107911006614605,0.9350000000000004,0.1648351648351648,0.0,-0.6249107344030322,0.1680331693365488,,1.0
normal,1002,Cloud-only,175.39390025862457,0.1107911006614605,0.9350000000000004,0.1648351648351648,0.0,-0.6249107344030322,0.1680331693365488,,1.0
normal,1002,Edge-only,154.24120370881005,0.0926349331507024,0.9350000000000004,0.0934065934065934,0.0,-0.4954938841930661,0.1404963152785651,,3.0
normal,1002,Greedy-myopic,131.12144914363583,0.1197469671093563,0.9340274725274726,0.0274725274725274,0.0,-0.3908318955126491,0.1816162334491907,,8.0
normal,1002,Local-only,166.76703323337807,0.5042713801165947,0.9350000000000004,0.1675824175824175,0.0,-0.9238605870544974,0.7648115931768353,,1.0
normal,1002,Static-rule,166.84996291243326,0.1992001975482899,0.9310769230769234,0.1648351648351648,0.0,-0.6818714049401029,0.3021202996149067,,2.0
normal,1003,Best-constant,173.69789895566996,0.1119926978212291,0.9350000000000004,0.1308139534883721,0.0,-0.5785355777980792,0.1605228668770948,,1.0
normal,1003,Cloud-only,173.69789895566996,0.1119926978212291,0.9350000000000004,0.1308139534883721,0.0,-0.5785355777980792,0.1605228668770948,,1.0
normal,1003,Edge-only,152.89492767247154,0.0932686361389011,0.9350000000000004,0.066860465116279,0.0,-0.4593550873014236,0.133685045132425,,3.0
normal,1003,Greedy-myopic,131.50741077833092,0.1150062887596283,0.9340348837209304,0.0290697674418604,0.0,-0.3868028234855449,0.1648423472221338,,8.0
normal,1003,Local-only,157.65288683040552,0.5042953073338547,0.9350000000000004,0.1380813953488372,0.0,-0.8465883432127986,0.7228232738451916,,1.0
normal,1003,Static-rule,155.95892511143165,0.2002874940629101,0.9310465116279072,0.1031976744186046,0.0,-0.5851661534616767,0.287078741490171,,2.0
normal,1004,Best-constant,176.82574534948947,0.1115337848838409,0.9350000000000004,0.1703601108033241,0.0,-0.6253494202982459,0.1677654014294441,,1.0
normal,1004,Cloud-only,176.82574534948947,0.1115337848838409,0.9350000000000004,0.1703601108033241,0.0,-0.6253494202982459,0.1677654014294441,,1.0
normal,1004,Edge-only,156.11538410240803,0.092966696973664,0.9350000000000004,0.0858725761772853,0.0,-0.4847421389664387,0.1398374066978864,,3.0
normal,1004,Greedy-myopic,133.7749071631922,0.1157570593607692,0.9340360110803326,0.0277008310249307,0.0,-0.390009081566304,0.1741179101218239,,8.0
normal,1004,Local-only,173.0574146804973,0.5174496924074096,0.9350000000000004,0.1897506925207756,0.0,-0.9724273273211604,0.7783305789961452,,1.0
normal,1004,Static-rule,170.03821509261712,0.2050222968263636,0.93105540166205,0.1745152354570637,0.0,-0.693497090880485,0.3083877048096552,,2.0
normal,1005,Best-constant,172.31725750594373,0.1109745616445705,0.9350000000000004,0.125,0.0,-0.5676084757551076,0.166461842466856,,1.0
normal,1005,Cloud-only,172.31725750594373,0.1109745616445705,0.9350000000000004,0.125,0.0,-0.5676084757551076,0.166461842466856,,1.0
normal,1005,Edge-only,153.92349417152698,0.0924022459592516,0.9350000000000004,0.0694444444444444,0.0,-0.4620873734450059,0.1386033689388774,,3.0
normal,1005,Greedy-myopic,132.76633220794113,0.1166615080005733,0.9340722222222224,0.0277777777777777,0.0,-0.3864628167333608,0.1749922620008599,,8.0
normal,1005,Local-only,168.84477129247378,0.5148957967060668,0.9350000000000004,0.1819444444444444,0.0,-0.951730081964266,0.7723436950590998,,1.0
normal,1005,Static-rule,162.04964499811268,0.2030852615719174,0.931077777777778,0.1388888888888889,0.0,-0.6367850083608855,0.304627892357876,,2.0
normal,1006,Best-constant,177.6678394675586,0.1133853136389053,0.9350000000000004,0.1598360655737705,0.0,-0.6212393629487415,0.1729126032993306,,1.0
normal,1006,Cloud-only,177.6678394675586,0.1133853136389053,0.9350000000000004,0.1598360655737705,0.0,-0.6212393629487415,0.1729126032993306,,1.0
normal,1006,Edge-only,155.12977448386422,0.0939251228822424,0.9350000000000004,0.0928961748633879,0.0,-0.4935746994104878,0.1432358123954191,,3.0
normal,1006,Greedy-myopic,132.70411383845655,0.1185093633427796,0.9339672131147544,0.0327868852459016,0.0,-0.3980702571550761,0.1807267790977382,,8.0
normal,1006,Local-only,165.93388630185822,0.5097037712329006,0.9350000000000004,0.1653005464480874,0.0,-0.929542314168568,0.7772982511301729,,1.0
normal,1006,Static-rule,165.4648071845472,0.2012298999412744,0.9310765027322406,0.1461748633879781,0.0,-0.6542891098723915,0.3068755974104433,,2.0
normal,1007,Best-constant,176.24677159392718,0.1132907745451596,0.9350000000000004,0.1485411140583554,0.0,-0.5965973763493327,0.177960925014688,,1.0
normal,1007,Cloud-only,176.24677159392718,0.1132907745451596,0.9350000000000004,0.1485411140583554,0.0,-0.5965973763493327,0.177960925014688,,1.0
normal,1007,Edge-only,154.94552139358112,0.0942540075542309,0.9350000000000004,0.0822281167108753,0.0,-0.4725391134518392,0.1480573368664378,,3.0
normal,1007,Greedy-myopic,132.82019258154654,0.1175800240426767,0.934002652519894,0.0212201591511936,0.0,-0.3761105385376053,0.1846986211003716,,8.0
normal,1007,Local-only,180.11251562461234,0.508354975546624,0.9350000000000004,0.1989389920424403,0.0026525198938992,-1.0051479134164851,0.7985409407544884,,1.0
normal,1007,Static-rule,172.6883463364893,0.199579492370401,0.931111405835544,0.1724137931034483,0.0,-0.6894147544354499,0.3135061192651718,,2.0
normal,1008,Best-constant,176.80209580445302,0.1126430163428741,0.9350000000000004,0.1744340878828229,0.0,-0.6338877491736256,0.176239385986455,,1.0
normal,1008,Cloud-only,176.80209580445302,0.1126430163428741,0.9350000000000004,0.1744340878828229,0.0,-0.6338877491736256,0.176239385986455,,1.0
normal,1008,Edge-only,155.63438292299932,0.0940270322182012,0.9350000000000004,0.1038615179760319,0.0,-0.5066411162298509,0.1471131274913939,,3.0
normal,1008,Greedy-myopic,131.90611450084407,0.1191873872610367,0.9340093209054594,0.033288948069241,0.0,-0.3959323244726088,0.186478599652164,,8.0
normal,1008,Local-only,173.40279058947146,0.5081097868385306,0.9350000000000004,0.1890812250332889,0.0,-0.9785582609915344,0.7949801039911174,,1.0
normal,1008,Static-rule,177.45015417827307,0.201133333141517,0.931058588548602,0.2010652463382157,0.0,-0.7401898819265681,0.3146898608109989,,2.0
normal,1009,Best-constant,175.64426562606556,0.1122571944951915,0.9350000000000004,0.1432545201668984,0.0,-0.5899802207057392,0.1681519225875887,,1.0
normal,1009,Cloud-only,175.64426562606556,0.1122571944951915,0.9350000000000004,0.1432545201668984,0.0,-0.5899802207057392,0.1681519225875887,,1.0
normal,1009,Edge-only,156.13621280616934,0.0938715816993563,0.9350000000000004,0.086230876216968,0.0,-0.4810723651011242,0.1406118067538275,,3.0
normal,1009,Greedy-myopic,133.67103421954087,0.1162513622710544,0.9340876216968014,0.0264255910987482,0.0,-0.3843756037155967,0.1741348530685171,,8.0
normal,1009,Local-only,170.42049991573433,0.516038050590008,0.9350000000000004,0.1557719054242002,0.0,-0.925221045640435,0.7729819966129496,,1.0
normal,1009,Static-rule,168.679062294408,0.2031878815388311,0.9310834492350488,0.1446453407510431,0.0,-0.6542764999706894,0.3043585142217073,,2.0
normal,1010,Best-constant,175.73466512777853,0.1153042915893943,0.9350000000000004,0.1696801112656467,0.0,-0.6281467349394848,0.1727162201099468,,1.0
normal,1010,Cloud-only,175.73466512777853,0.1153042915893943,0.9350000000000004,0.1696801112656467,0.0,-0.6281467349394848,0.1727162201099468,,1.0
normal,1010,Edge-only,155.76116203806188,0.0962500906925037,0.9350000000000004,0.0945757997218358,0.0,-0.4983041217168861,0.1441746150164794,,3.0
normal,1010,Greedy-myopic,132.95856533686023,0.1204237217669284,0.9340208623087624,0.0319888734353268,0.0,-0.3962391070771632,0.1803846998967115,,8.0
normal,1010,Local-only,162.01800192631097,0.5097773282791364,0.9350000000000004,0.1446453407510431,0.0,-0.8936626175166771,0.763603956318123,,1.0
normal,1010,Static-rule,159.12763154350017,0.2012791410531263,0.9310723226703758,0.1210013908205841,0.0,-0.6158634794282795,0.3014993800358287,,2.0
normal,1011,Best-constant,171.6434795690858,0.1123207753472959,0.9350000000000002,0.1443768996960486,0.0,-0.5926272863591066,0.1539730628719179,,1.0
normal,1011,Cloud-only,171.6434795690858,0.1123207753472959,0.9350000000000002,0.1443768996960486,0.0,-0.5926272863591066,0.1539730628719179,,1.0
normal,1011,Edge-only,152.36763548189433,0.0930138845313784,0.9350000000000002,0.0972644376899696,0.0,-0.492220048553134,0.1275065333784316,,3.0
normal,1011,Greedy-myopic,133.66595303933877,0.1143099014749904,0.9340638297872342,0.033434650455927,0.0,-0.3973026914384995,0.1566998232719663,,8.0
normal,1011,Local-only,157.70307089462133,0.5161703499414423,0.9350000000000002,0.1504559270516717,0.0,-0.864058177535382,0.7075835213780604,,1.0
normal,1011,Static-rule,155.52300292217083,0.2043785470585013,0.9310729483282678,0.1306990881458966,0.0,-0.6168649397305885,0.2801689249260289,,2.0
normal,1012,Best-constant,176.7142329050438,0.1148718097500187,0.9350000000000004,0.1688144329896907,0.0,-0.6254962158059106,0.1857094257625304,,1.0
normal,1012,Cloud-only,176.7142329050438,0.1148718097500187,0.9350000000000004,0.1688144329896907,0.0,-0.6254962158059106,0.1857094257625304,,1.0
normal,1012,Edge-only,157.25170198077933,0.0953821833183893,0.9350000000000004,0.0940721649484536,0.0,-0.4969699316385795,0.1542011963647293,,3.0
normal,1012,Greedy-myopic,133.8116212771582,0.1180317031034394,0.9341030927835056,0.027061855670103,0.0,-0.3891224502736847,0.1908179200172273,,8.0
normal,1012,Local-only,172.28261921364992,0.506652959878911,0.9350000000000004,0.1739690721649484,0.0115979381443298,-1.0151526961465505,0.8190889518042394,,1.0
normal,1012,Static-rule,165.44822684585205,0.203639151450431,0.931056701030928,0.1469072164948453,0.0,-0.6546611716985264,0.3292166281781968,,2.0
normal,1013,Best-constant,178.94269901248703,0.110886091684673,0.9350000000000004,0.1598951507208388,0.0,-0.6234224222174882,0.1762626832404279,,1.0
normal,1013,Cloud-only,178.94269901248703,0.110886091684673,0.9350000000000004,0.1598951507208388,0.0,-0.6234224222174882,0.1762626832404279,,1.0
normal,1013,Edge-only,155.79286424439968,0.0921828351583087,0.9350000000000004,0.0982961992136304,0.0,-0.4999096252398493,0.1465322983870616,,3.0
normal,1013,Greedy-myopic,132.53017459230145,0.1156915493772413,0.9340511140235912,0.0222804718217562,0.0,-0.3837280452000312,0.1839013586975734,,8.0
normal,1013,Local-only,170.31918584695046,0.507258742270887,0.9350000000000004,0.1743119266055046,0.0039318479685452,-0.9746677358848964,0.8063300424014308,,1.0
normal,1013,Static-rule,169.99664817672857,0.2013035079399322,0.9310838794233292,0.1730013106159895,0.0,-0.6941107647842386,0.3199887011628508,,2.0
normal,1014,Best-constant,175.20737490560154,0.1128796323434122,0.9350000000000004,0.1434599156118143,0.0,-0.5945064051912027,0.1672029554086794,,1.0
normal,1014,Cloud-only,175.20737490560154,0.1128796323434122,0.9350000000000004,0.1434599156118143,0.0,-0.5945064051912027,0.1672029554086794,,1.0
normal,1014,Edge-only,154.52341262920524,0.0933482461228858,0.9350000000000004,0.0787623066104078,0.0,-0.4741332301555296,0.1382720895695246,,3.0
normal,1014,Greedy-myopic,133.53626111564952,0.1141444936209722,0.9340436005625884,0.0225035161744022,0.0,-0.3836061712691748,0.1690765311760651,,8.0
normal,1014,Local-only,163.92673892635264,0.5139666787732067,0.9350000000000004,0.1392405063291139,0.0,-0.8856623530355642,0.7613131429328127,,1.0
normal,1014,Static-rule,163.85582779198035,0.2046955686235603,0.9310337552742618,0.140646976090014,0.0,-0.6436085342254061,0.3032053110236489,,2.0
normal,1015,Best-constant,178.42144714726973,0.1138707846595239,0.9350000000000004,0.1612903225806451,0.0,-0.6232608012143299,0.1764997162222623,,1.0
normal,1015,Cloud-only,178.42144714726973,0.1138707846595239,0.9350000000000004,0.1612903225806451,0.0,-0.6232608012143299,0.1764997162222623,,1.0
normal,1015,Edge-only,155.58082939702263,0.0947282322198615,0.9350000000000004,0.0887096774193548,0.0,-0.488917286784886,0.1468287599407854,,3.0
normal,1015,Greedy-myopic,131.9752377263543,0.1202547394431677,0.933930107526882,0.0201612903225806,0.0,-0.3819987884203811,0.1863948461369102,,8.0
normal,1015,Local-only,165.15471217736976,0.5061413409672788,0.9350000000000004,0.1559139784946236,0.0,-0.91783904841503,0.7845190784992815,,1.0
normal,1015,Static-rule,165.0823276809623,0.200746605714986,0.9310537634408604,0.1384408602150537,0.0,-0.6456251456078386,0.3111572388582284,,2.0
normal,1016,Best-constant,172.57310191291825,0.1096568578709898,0.9350000000000004,0.1576704545454545,0.0,-0.6080284104435453,0.1608300582107851,,1.0
normal,1016,Cloud-only,172.57310191291825,0.1096568578709898,0.9350000000000004,0.1576704545454545,0.0,-0.6080284104435453,0.1608300582107851,,1.0
normal,1016,Edge-only,152.952178409712,0.091643270413605,0.9350000000000004,0.0880681818181818,0.0,-0.4851430579330043,0.1344101299399539,,3.0
normal,1016,Greedy-myopic,130.60013720197006,0.1164051883946752,0.934073863636364,0.0269886363636363,0.0,-0.3869240121253055,0.170727609645524,,8.0
normal,1016,Local-only,166.43927874662631,0.5095753400906389,0.9350000000000004,0.1860795454545454,0.0,-0.9391985768181412,0.7473771654662702,,1.0
normal,1016,Static-rule,163.9384248637556,0.199339629386811,0.9311193181818184,0.1605113636363636,0.0,-0.6650097451427018,0.2923647897673227,,2.0
normal,1017,Best-constant,179.63131572776382,0.1137766008944796,0.9350000000000004,0.1791044776119403,0.0,-0.6491474496213379,0.1746944892900653,,1.0
normal,1017,Cloud-only,179.63131572776382,0.1137766008944796,0.9350000000000004,0.1791044776119403,0.0,-0.6491474496213379,0.1746944892900653,,1.0
normal,1017,Edge-only,156.75485657761226,0.0948419824143337,0.9350000000000004,0.112618724559023,0.0,-0.5197270341198675,0.1456219604986748,,3.0
normal,1017,Greedy-myopic,132.6005597085637,0.1218683906487054,0.9339687924016284,0.0284938941655359,0.0,-0.3957475243462791,0.1871187581418664,,8.0
normal,1017,Local-only,172.76415596284355,0.5089538145520129,0.9350000000000004,0.2035278154681139,0.0027137042062415,-1.0024160506704305,0.7814561694267362,,1.0
normal,1017,Static-rule,173.78650680402197,0.2020662250506087,0.9310597014925376,0.1872455902306648,0.0,-0.7228492475570709,0.310255849713122,,2.0
normal,1018,Best-constant,173.6725700118301,0.1123987071838714,0.9350000000000004,0.1332378223495702,0.0,-0.5818823540350584,0.1634464533632134,,1.0
normal,1018,Cloud-only,173.6725700118301,0.1123987071838714,0.9350000000000004,0.1332378223495702,0.0,-0.5818823540350584,0.1634464533632134,,1.0
normal,1018,Edge-only,154.0072124478609,0.0936102756980063,0.9350000000000004,0.0802292263610315,0.0,-0.4743960900811026,0.1361249425775178,,3.0
normal,1018,Greedy-myopic,131.54927438409015,0.1171576588996459,0.933974212034384,0.0343839541547277,0.0,-0.3932375991408692,0.1703667623165689,,8.0
normal,1018,Local-only,167.24925735019832,0.5110277737053498,0.9350000000000004,0.164756446991404,0.0,-0.9177061629229748,0.7431195542631961,,1.0
normal,1018,Static-rule,166.11868565275353,0.2013559882932708,0.931085959885387,0.1504297994269341,0.0,-0.6579404095766137,0.2928051663097983,,2.0
normal,1019,Best-constant,175.23745761430908,0.1148389904449664,0.9350000000000004,0.1519174041297935,0.0,-0.6040074840121024,0.1622100740035151,,1.0
normal,1019,Cloud-only,175.23745761430908,0.1148389904449664,0.9350000000000004,0.1519174041297935,0.0,-0.6040074840121024,0.1622100740035151,,1.0
normal,1019,Edge-only,154.67761378409483,0.095112248973067,0.9350000000000004,0.0899705014749262,0.0,-0.4861842683856506,0.1343460516744574,,3.0
normal,1019,Greedy-myopic,131.64051955773442,0.1210404521315602,0.9338849557522126,0.0250737463126843,0.0,-0.3850474940364203,0.1709696386358287,,8.0
normal,1019,Local-only,162.5828086893071,0.5114355324104212,0.9350000000000004,0.1283185840707964,0.0,-0.8495792545336,0.72240268952972,,1.0
normal,1019,Static-rule,165.31534488416608,0.2031662013224129,0.9310412979351034,0.1371681415929203,0.0,-0.6416157638779563,0.2869722593679085,,2.0
