scenario,eval_seed,training_rep,training_seed,policy,tasks,latency_ms,device_energy_j,retention,violation_rate,drop_rate,mean_reward,depletion,policy_entropy,unique_actions
normal,1000,-1,-1,Local-only,762.0,175.23032016601957,0.5082036325788301,0.9350000000000004,0.1719160104986876,0.0065616797900262,-0.9893658697240514,0.8067732667188928,,1.0
normal,1000,-1,-1,Edge-only,762.0,156.121614486503,0.0927248723691371,0.9350000000000004,0.0787401574803149,0.0,-0.4696300482740121,0.147200734886005,,3.0
normal,1000,-1,-1,Cloud-only,762.0,177.82193784763723,0.1117004845530563,0.9350000000000004,0.1469816272965879,0.0,-0.5947511842179091,0.1773245192279769,,1.0
normal,1000,-1,-1,Static-rule,762.0,168.6888552893448,0.2022480604996146,0.9310682414698166,0.1430446194225721,0.0,-0.650798263951357,0.3210687960431381,,2.0
normal,1000,-1,-1,Greedy-myopic,762.0,133.6171384047581,0.1132809468748394,0.9341128608923888,0.0262467191601049,0.0,-0.3804761094949113,0.1798335031638077,,8.0
normal,1000,-1,-1,Best-constant,762.0,177.82193784763723,0.1117004845530563,0.9350000000000004,0.1469816272965879,0.0,-0.5947511842179091,0.1773245192279769,,1.0
normal,1000,0,42,PPO,762.0,132.29642061372368,0.1355801953372237,0.9333989501312338,0.0367454068241469,0.0,-0.4041106942513284,0.2152335600978427,0.9039396904604484,6.0
normal,1000,0,42,PPO-stochastic,762.0,134.79451482699525,0.1453375319787541,0.933482939632546,0.0393700787401574,0.0,-0.4158615052647204,0.2307233320162722,0.8795399221046547,8.0
normal,1000,1,142,PPO,762.0,135.79403877626044,0.1210154865820673,0.9337874015748032,0.0393700787401574,0.0,-0.4047123912573632,0.1921120849490322,0.8032495947750261,6.0
normal,1000,1,142,PPO-stochastic,762.0,137.88655760531904,0.1297919665778989,0.9338083989501312,0.0419947506561679,0.0,-0.4150124378329561,0.2060447469424147,0.7946710011083389,7.0
normal,1000,2,242,PPO,762.0,136.05546120958607,0.1416334493016903,0.933929133858268,0.0354330708661417,0.0,-0.4084357122007414,0.2248431007664333,0.9130066546398824,7.0
normal,1000,2,242,PPO-stochastic,762.0,137.32506079352137,0.1530113214812785,0.9338766404199476,0.0419947506561679,0.0,-0.4232397621555753,0.2429054728515293,0.8858727695092833,8.0
normal,1000,0,123,DQN,762.0,134.88894223965866,0.1500505138654034,0.9328425196850396,0.0314960629921259,0.0,-0.4142170523365325,0.238205190761328,,8.0
normal,1000,1,223,DQN,762.0,135.44885459597987,0.1551663311713238,0.93248031496063,0.0328083989501312,0.0,-0.4235026194605964,0.2463265507344765,,9.0
normal,1000,2,323,DQN,762.0,140.09795157852855,0.1357006431456182,0.9340183727034124,0.0354330708661417,0.0,-0.4109663326773687,0.2154247709936689,,7.0
normal,1001,-1,-1,Local-only,746.0,180.0202364352064,0.5147826313684648,0.9350000000000004,0.1876675603217158,0.0040214477211796,-1.0100367624471172,0.8000580062518228,,1.0
normal,1001,-1,-1,Edge-only,746.0,156.92227687736437,0.0934087535385768,0.9350000000000004,0.0804289544235924,0.0,-0.4777974616046127,0.1451727711245382,,3.0
normal,1001,-1,-1,Cloud-only,746.0,179.8300841220031,0.1118742181639882,0.9350000000000004,0.1474530831099195,0.0,-0.6047050693201276,0.1738711807298649,,1.0
normal,1001,-1,-1,Static-rule,746.0,172.6240687923774,0.2037388095785587,0.9310857908847188,0.1474530831099195,0.0,-0.6681922401362126,0.3166440665533434,,2.0
normal,1001,-1,-1,Greedy-myopic,746.0,133.54344802510946,0.1158404163637125,0.9340187667560323,0.0268096514745308,0.0,-0.3859589146008629,0.1800353137652698,,8.0
normal,1001,-1,-1,Best-constant,746.0,179.8300841220031,0.1118742181639882,0.9350000000000004,0.1474530831099195,0.0,-0.6047050693201276,0.1738711807298649,,1.0
normal,1001,0,42,PPO,746.0,133.4570686323643,0.1378048275683962,0.9333806970509384,0.0361930294906166,0.0,-0.4100798332368922,0.2141716695125491,0.895112219019406,6.0
normal,1001,0,42,PPO-stochastic,746.0,136.33766676582778,0.1475568451327376,0.9334932975871316,0.0415549597855227,0.0,-0.4253818851709567,0.229327930143796,0.880488181881227,6.0
normal,1001,1,142,PPO,746.0,136.33107841948495,0.1228248371347553,0.9338096514745308,0.0361930294906166,0.0,-0.4055871681529586,0.1908902677135989,0.7930637989293075,7.0
normal,1001,1,142,PPO-stochastic,746.0,138.06067114554554,0.1292821159105285,0.9338632707774802,0.0335120643431635,0.0,-0.4096976891440544,0.2009259551442794,0.7730892343276827,8.0
normal,1001,2,242,PPO,746.0,136.7859470614355,0.1418832399142274,0.9338900804289546,0.0402144772117962,0.0,-0.4177229323156353,0.220510202033362,0.8946448741655487,7.0
normal,1001,2,242,PPO-stochastic,746.0,138.34471340478726,0.1455114107863639,0.933815013404826,0.0442359249329758,0.0,-0.4280106788067919,0.2261489842638071,0.8740659411447298,8.0
normal,1001,0,123,DQN,746.0,134.8466135612256,0.1461471749372945,0.9329302949061664,0.0335120643431635,0.0,-0.4162864053118986,0.227137067715045,,8.0
normal,1001,1,223,DQN,746.0,135.95897449963067,0.1568771179252696,0.932501340482574,0.0388739946380697,0.0,-0.4344231736836244,0.24381318744219,,8.0
normal,1001,2,323,DQN,746.0,139.92584051784235,0.1386910449915944,0.9340241286863272,0.0442359249329758,0.0,-0.4241601159513143,0.215548999091103,,7.0
normal,1002,-1,-1,Local-only,728.0,166.76703323337807,0.5042713801165947,0.9350000000000004,0.1675824175824175,0.0,-0.9238605870544974,0.7648115931768353,,1.0
normal,1002,-1,-1,Edge-only,728.0,154.24120370881005,0.0926349331507024,0.9350000000000004,0.0934065934065934,0.0,-0.4954938841930661,0.1404963152785651,,3.0
normal,1002,-1,-1,Cloud-only,728.0,175.39390025862457,0.1107911006614605,0.9350000000000004,0.1648351648351648,0.0,-0.6249107344030322,0.1680331693365488,,1.0
normal,1002,-1,-1,Static-rule,728.0,166.84996291243326,0.1992001975482899,0.9310769230769234,0.1648351648351648,0.0,-0.6818714049401029,0.3021202996149067,,2.0
normal,1002,-1,-1,Greedy-myopic,728.0,131.12144914363583,0.1197469671093563,0.9340274725274726,0.0274725274725274,0.0,-0.3908318955126491,0.1816162334491907,,8.0
normal,1002,-1,-1,Best-constant,728.0,175.39390025862457,0.1107911006614605,0.9350000000000004,0.1648351648351648,0.0,-0.6249107344030322,0.1680331693365488,,1.0
normal,1002,0,42,PPO,728.0,130.322329815065,0.1374120025904663,0.933346153846154,0.0412087912087912,0.0,-0.4177533401836933,0.2084082039288743,0.8948313663662463,6.0
normal,1002,0,42,PPO-stochastic,728.0,131.8292212037911,0.1490787451288515,0.933346153846154,0.0439560439560439,0.0,-0.4283575890196102,0.2261027634454248,0.8772219626058998,7.0
normal,1002,1,142,PPO,728.0,133.4939039970322,0.1215642292962561,0.9337032967032968,0.0398351648351648,0.0,-0.4128088032084056,0.1843724144326555,0.8059188863851007,6.0
normal,1002,1,142,PPO-stochastic,728.0,134.30224490199444,0.1300021787938771,0.9336538461538462,0.0453296703296703,0.0,-0.4247799405368622,0.197169971170714,0.7868149612242212,7.0
normal,1002,2,242,PPO,728.0,132.56727734800822,0.1510443686012468,0.9337857142857146,0.0439560439560439,0.0,-0.4261695201717148,0.2290839590452246,0.8930806044724534,8.0
normal,1002,2,242,PPO-stochastic,728.0,135.76120339442642,0.1499101955863469,0.9336538461538464,0.0453296703296703,0.0,-0.4361102299732164,0.2273637966392929,0.8853046194813982,8.0
normal,1002,0,123,DQN,728.0,131.9922303977,0.1506219248311205,0.9327637362637364,0.0302197802197802,0.0,-0.4189514248655137,0.2284432526605333,,8.0
normal,1002,1,223,DQN,728.0,133.89939190982437,0.1570475275472058,0.9323736263736264,0.0384615384615384,0.0,-0.4396384413453658,0.2381887501132622,,8.0
normal,1002,2,323,DQN,728.0,136.9956550258259,0.1402916052208624,0.9338516483516486,0.037087912087912,0.0,-0.4218282653426868,0.2127756012516416,,7.0
normal,1003,-1,-1,Local-only,688.0,157.65288683040552,0.5042953073338547,0.9350000000000004,0.1380813953488372,0.0,-0.8465883432127986,0.7228232738451916,,1.0
normal,1003,-1,-1,Edge-only,688.0,152.89492767247154,0.0932686361389011,0.9350000000000004,0.066860465116279,0.0,-0.4593550873014236,0.133685045132425,,3.0
normal,1003,-1,-1,Cloud-only,688.0,173.69789895566996,0.1119926978212291,0.9350000000000004,0.1308139534883721,0.0,-0.5785355777980792,0.1605228668770948,,1.0
normal,1003,-1,-1,Static-rule,688.0,155.95892511143165,0.2002874940629101,0.9310465116279072,0.1031976744186046,0.0,-0.5851661534616767,0.287078741490171,,2.0
normal,1003,-1,-1,Greedy-myopic,688.0,131.50741077833092,0.1150062887596283,0.9340348837209304,0.0290697674418604,0.0,-0.3868028234855449,0.1648423472221338,,8.0
normal,1003,-1,-1,Best-constant,688.0,173.69789895566996,0.1119926978212291,0.9350000000000004,0.1308139534883721,0.0,-0.5785355777980792,0.1605228668770948,,1.0
normal,1003,0,42,PPO,688.0,130.00911351219165,0.1364835705822226,0.9332034883720932,0.0363372093023255,0.0,-0.407539674155873,0.1956264511678525,0.8823806612947306,6.0
normal,1003,0,42,PPO-stochastic,688.0,132.71166469609645,0.1424447696289011,0.9332674418604652,0.0392441860465116,0.0,-0.4185810759917333,0.2041708364680916,0.8654236280099424,7.0
normal,1003,1,142,PPO,688.0,132.8632366935277,0.1244236109259221,0.9336453488372096,0.0348837209302325,0.0,-0.4032435348235337,0.1783405089938218,0.7928497134978602,6.0
normal,1003,1,142,PPO-stochastic,688.0,134.2965056127096,0.1335186250439079,0.933558139534884,0.0377906976744186,0.0,-0.4143496229750182,0.191376695896268,0.7691201864644278,7.0
normal,1003,2,242,PPO,688.0,133.15997019230358,0.1457908343725897,0.9337906976744188,0.0363372093023255,0.0,-0.4119527699603618,0.2089668626007121,0.8818691554046127,7.0
normal,1003,2,242,PPO-stochastic,688.0,134.9124406927238,0.1456609702785018,0.93375,0.0465116279069767,0.0,-0.4265888808659118,0.2087807240658524,0.873993003881688,8.0
normal,1003,0,123,DQN,688.0,131.72822144071046,0.1534160993711006,0.93275,0.0290697674418604,0.0,-0.41360771737902,0.2198964090985774,,8.0
normal,1003,1,223,DQN,688.0,132.62048280211494,0.1558883592257252,0.9323604651162792,0.0276162790697674,0.0,-0.4193285346410791,0.2234399815568726,,8.0
normal,1003,2,323,DQN,688.0,137.32548353539656,0.1415677503324721,0.933936046511628,0.0377906976744186,0.0,-0.4177296830906319,0.2029137754765435,,7.0
normal,1004,-1,-1,Local-only,722.0,173.0574146804973,0.5174496924074096,0.9350000000000004,0.1897506925207756,0.0,-0.9724273273211604,0.7783305789961452,,1.0
normal,1004,-1,-1,Edge-only,722.0,156.11538410240803,0.092966696973664,0.9350000000000004,0.0858725761772853,0.0,-0.4847421389664387,0.1398374066978864,,3.0
normal,1004,-1,-1,Cloud-only,722.0,176.82574534948947,0.1115337848838409,0.9350000000000004,0.1703601108033241,0.0,-0.6253494202982459,0.1677654014294441,,1.0
normal,1004,-1,-1,Static-rule,722.0,170.03821509261712,0.2050222968263636,0.93105540166205,0.1745152354570637,0.0,-0.693497090880485,0.3083877048096552,,2.0
normal,1004,-1,-1,Greedy-myopic,722.0,133.7749071631922,0.1157570593607692,0.9340360110803326,0.0277008310249307,0.0,-0.390009081566304,0.1741179101218239,,8.0
normal,1004,-1,-1,Best-constant,722.0,176.82574534948947,0.1115337848838409,0.9350000000000004,0.1703601108033241,0.0,-0.6253494202982459,0.1677654014294441,,1.0
normal,1004,0,42,PPO,722.0,132.41147043737024,0.1348156235208368,0.933382271468144,0.0360110803324099,0.0,-0.4094554321112723,0.2027851670459257,0.8813805987960414,6.0
normal,1004,0,42,PPO-stochastic,722.0,135.47093549758398,0.1486440148031993,0.9333933518005542,0.0415512465373961,0.0,-0.4280668327055373,0.2235853722664793,0.8583131011812806,8.0
normal,1004,1,142,PPO,722.0,135.69135444748468,0.1219534583790255,0.9337867036011084,0.0401662049861495,0.0,-0.4119250734539849,0.1834383269784509,0.7647963307044595,6.0
normal,1004,1,142,PPO-stochastic,722.0,137.49111236867233,0.1288614308426732,0.933775623268698,0.0429362880886426,0.0,-0.4214244406642199,0.193829068892521,0.7604991181900627,7.0
normal,1004,2,242,PPO,722.0,135.30496013678396,0.1405355497411218,0.9338808864265932,0.0346260387811634,0.0,-0.4116023797579023,0.211388889402271,0.8818736795201856,8.0
normal,1004,2,242,PPO-stochastic,722.0,137.89362142917716,0.1493270876370045,0.9338033240997232,0.0484764542936288,0.0,-0.4364186245326572,0.2246128276539946,0.8494842675542897,8.0
normal,1004,0,123,DQN,722.0,135.4149505970517,0.1513858646903884,0.9328670360110805,0.0346260387811634,0.0,-0.4253057302511787,0.2277095714717925,,8.0
normal,1004,1,223,DQN,722.0,136.0680147653649,0.1560373097606963,0.9325290858725762,0.0373961218836565,0.0,-0.4350338238423412,0.2347061200983811,,8.0
normal,1004,2,323,DQN,722.0,140.44565262002118,0.1377728422881691,0.9340526315789476,0.0429362880886426,0.0,-0.4266616001731051,0.2072333169417877,,7.0
normal,1005,-1,-1,Local-only,720.0,168.84477129247378,0.5148957967060668,0.9350000000000004,0.1819444444444444,0.0,-0.951730081964266,0.7723436950590998,,1.0
normal,1005,-1,-1,Edge-only,720.0,153.92349417152698,0.0924022459592516,0.9350000000000004,0.0694444444444444,0.0,-0.4620873734450059,0.1386033689388774,,3.0
normal,1005,-1,-1,Cloud-only,720.0,172.31725750594373,0.1109745616445705,0.9350000000000004,0.125,0.0,-0.5676084757551076,0.166461842466856,,1.0
normal,1005,-1,-1,Static-rule,720.0,162.04964499811268,0.2030852615719174,0.931077777777778,0.1388888888888889,0.0,-0.6367850083608855,0.304627892357876,,2.0
normal,1005,-1,-1,Greedy-myopic,720.0,132.76633220794113,0.1166615080005733,0.9340722222222224,0.0277777777777777,0.0,-0.3864628167333608,0.1749922620008599,,8.0
normal,1005,-1,-1,Best-constant,720.0,172.31725750594373,0.1109745616445705,0.9350000000000004,0.125,0.0,-0.5676084757551076,0.166461842466856,,1.0
normal,1005,0,42,PPO,720.0,131.63529409429256,0.1346047302529775,0.93345,0.0291666666666666,0.0,-0.398437723277956,0.2019070953794661,0.8851752070917024,6.0
normal,1005,0,42,PPO-stochastic,720.0,134.12219461334598,0.1442449483029899,0.9334666666666668,0.0416666666666666,0.0,-0.4216269498775504,0.2163674224544851,0.86635081735957,7.0
normal,1005,1,142,PPO,720.0,135.36245251693356,0.1213346440888596,0.9337833333333336,0.0347222222222222,0.0,-0.4041897193192162,0.1820019661332892,0.784298739694835,6.0
normal,1005,1,142,PPO-stochastic,720.0,136.62795845187728,0.1335773551584315,0.9338611111111113,0.0458333333333333,0.0,-0.4228234673891433,0.2003660327376476,0.7635154146804578,7.0
normal,1005,2,242,PPO,720.0,134.6063080712129,0.1458930568948349,0.9338611111111113,0.0402777777777777,0.0,-0.4171759555083236,0.218839585342252,0.8829222487958355,7.0
normal,1005,2,242,PPO-stochastic,720.0,136.88921191904777,0.1491357675561311,0.9338388888888892,0.0375,0.0,-0.4212948726666167,0.2237036513341966,0.8667651173037787,8.0
normal,1005,0,123,DQN,720.0,134.22596989540818,0.1504361905684727,0.9328111111111111,0.0277777777777777,0.0,-0.4142366265782184,0.2256542858527089,,9.0
normal,1005,1,223,DQN,720.0,134.78928334678645,0.155058331101724,0.9324555555555556,0.0319444444444444,0.0,-0.426458805042147,0.232587496652586,,8.0
normal,1005,2,323,DQN,720.0,139.24643370011242,0.1378669822107105,0.9340222222222224,0.0333333333333333,0.0,-0.4126954455007011,0.2068004733160657,,7.0
normal,1006,-1,-1,Local-only,732.0,165.93388630185822,0.5097037712329006,0.9350000000000004,0.1653005464480874,0.0,-0.929542314168568,0.7772982511301729,,1.0
normal,1006,-1,-1,Edge-only,732.0,155.12977448386422,0.0939251228822424,0.9350000000000004,0.0928961748633879,0.0,-0.4935746994104878,0.1432358123954191,,3.0
normal,1006,-1,-1,Cloud-only,732.0,177.6678394675586,0.1133853136389053,0.9350000000000004,0.1598360655737705,0.0,-0.6212393629487415,0.1729126032993306,,1.0
normal,1006,-1,-1,Static-rule,732.0,165.4648071845472,0.2012298999412744,0.9310765027322406,0.1461748633879781,0.0,-0.6542891098723915,0.3068755974104433,,2.0
normal,1006,-1,-1,Greedy-myopic,732.0,132.70411383845655,0.1185093633427796,0.9339672131147544,0.0327868852459016,0.0,-0.3980702571550761,0.1807267790977382,,8.0
normal,1006,-1,-1,Best-constant,732.0,177.6678394675586,0.1133853136389053,0.9350000000000004,0.1598360655737705,0.0,-0.6212393629487415,0.1729126032993306,,1.0
normal,1006,0,42,PPO,732.0,132.43380608679016,0.1347872217327264,0.9333169398907104,0.0437158469945355,0.0,-0.4214639124360428,0.2055505131424071,0.8687975231476658,6.0
normal,1006,0,42,PPO-stochastic,732.0,135.0323290567404,0.1518400609371054,0.9333825136612024,0.0450819672131147,0.0,-0.4351753141670593,0.2315560929290854,0.8339436454240416,8.0
normal,1006,1,142,PPO,732.0,135.33508102827648,0.1248286108763566,0.9336775956284156,0.0450819672131147,0.0,-0.4217412738389673,0.1903636315864431,0.7775498420722742,6.0
normal,1006,1,142,PPO-stochastic,732.0,136.49313191372295,0.1335578141790402,0.9336448087431696,0.0450819672131147,0.0,-0.4280937699005382,0.2036756666230358,0.7559555531555756,7.0
normal,1006,2,242,PPO,732.0,134.94457559851304,0.1449885280858235,0.9337650273224044,0.0491803278688524,0.0,-0.4320706968013073,0.2211075053308803,0.8830685081683058,8.0
normal,1006,2,242,PPO-stochastic,732.0,136.78852877786787,0.1522530865704422,0.9337759562841532,0.0505464480874316,0.0,-0.4409281806389085,0.232185957019924,0.8568768638282851,8.0
normal,1006,0,123,DQN,732.0,133.34096151969908,0.1528305377691788,0.9327267759562844,0.0355191256830601,0.0,-0.4264616629768393,0.2330665700979975,,8.0
normal,1006,1,223,DQN,732.0,134.7374256196561,0.1624727073648787,0.9323005464480876,0.0478142076502732,0.0,-0.4516857557029921,0.2477708787314396,,8.0
normal,1006,2,323,DQN,732.0,137.75186350452435,0.1436293912405816,0.9338360655737706,0.0423497267759562,0.0,-0.4276491189751455,0.2190348216418866,,7.0
normal,1007,-1,-1,Local-only,754.0,180.11251562461234,0.508354975546624,0.9350000000000004,0.1989389920424403,0.0026525198938992,-1.0051479134164851,0.7985409407544884,,1.0
normal,1007,-1,-1,Edge-only,754.0,154.94552139358112,0.0942540075542309,0.9350000000000004,0.0822281167108753,0.0,-0.4725391134518392,0.1480573368664378,,3.0
normal,1007,-1,-1,Cloud-only,754.0,176.24677159392718,0.1132907745451596,0.9350000000000004,0.1485411140583554,0.0,-0.5965973763493327,0.177960925014688,,1.0
normal,1007,-1,-1,Static-rule,754.0,172.6883463364893,0.199579492370401,0.931111405835544,0.1724137931034483,0.0,-0.6894147544354499,0.3135061192651718,,2.0
normal,1007,-1,-1,Greedy-myopic,754.0,132.82019258154654,0.1175800240426767,0.934002652519894,0.0212201591511936,0.0,-0.3761105385376053,0.1846986211003716,,8.0
normal,1007,-1,-1,Best-constant,754.0,176.24677159392718,0.1132907745451596,0.9350000000000004,0.1485411140583554,0.0,-0.5965973763493327,0.177960925014688,,1.0
normal,1007,0,42,PPO,754.0,132.3010077656939,0.1362334608585494,0.9334084880636608,0.026525198938992,0.0,-0.3940193229392161,0.2140000614319714,0.8733785540972211,6.0
normal,1007,0,42,PPO-stochastic,754.0,134.77193647739998,0.1464664487935571,0.9334084880636608,0.0305039787798408,0.0,-0.4084723566793449,0.2300743799798793,0.8646398769291389,7.0
normal,1007,1,142,PPO,754.0,135.34094244500128,0.1234926046971242,0.9337533156498676,0.0318302387267904,0.0,-0.3975111916270963,0.1939862998783992,0.7813491880330468,6.0
normal,1007,1,142,PPO-stochastic,754.0,137.41858313918954,0.1309738312346667,0.9337798408488066,0.0305039787798408,0.0,-0.4036919169854829,0.2057380598977888,0.7769871595456446,7.0
normal,1007,2,242,PPO,754.0,135.3886191915491,0.1464140376062835,0.933822281167109,0.0278514588859416,0.0,-0.4019606716826202,0.2299920507398702,0.8788411023999398,7.0
normal,1007,2,242,PPO-stochastic,754.0,137.2705659034863,0.1581509783324155,0.9338275862068968,0.0411140583554376,0.0,-0.425063393540478,0.2484288284638358,0.8417909997033661,8.0
normal,1007,0,123,DQN,754.0,134.1747649177418,0.1516829964929373,0.9329681697612732,0.0225464190981432,0.0,-0.4028891902690969,0.2382687069909889,,8.0
normal,1007,1,223,DQN,754.0,135.51091140189547,0.1575300432242073,0.932448275862069,0.0291777188328912,0.0,-0.4216263238129463,0.2474534428980257,,9.0
normal,1007,2,323,DQN,754.0,139.00491561710206,0.137716437272929,0.9338912466843504,0.03315649867374,0.0,-0.4092964686598529,0.216329570216226,,7.0
normal,1008,-1,-1,Local-only,751.0,173.40279058947146,0.5081097868385306,0.9350000000000004,0.1890812250332889,0.0,-0.9785582609915344,0.7949801039911174,,1.0
normal,1008,-1,-1,Edge-only,751.0,155.63438292299932,0.0940270322182012,0.9350000000000004,0.1038615179760319,0.0,-0.5066411162298509,0.1471131274913939,,3.0
normal,1008,-1,-1,Cloud-only,751.0,176.80209580445302,0.1126430163428741,0.9350000000000004,0.1744340878828229,0.0,-0.6338877491736256,0.176239385986455,,1.0
normal,1008,-1,-1,Static-rule,751.0,177.45015417827307,0.201133333141517,0.931058588548602,0.2010652463382157,0.0,-0.7401898819265681,0.3146898608109989,,2.0
normal,1008,-1,-1,Greedy-myopic,751.0,131.90611450084407,0.1191873872610367,0.9340093209054594,0.033288948069241,0.0,-0.3959323244726088,0.186478599652164,,8.0
normal,1008,-1,-1,Best-constant,751.0,176.80209580445302,0.1126430163428741,0.9350000000000004,0.1744340878828229,0.0,-0.6338877491736256,0.176239385986455,,1.0
normal,1008,0,42,PPO,751.0,131.496864627206,0.1376141770563394,0.933300932090546,0.0372836218375499,0.0,-0.4135904672781299,0.2153088478527313,0.8849587154769389,6.0
normal,1008,0,42,PPO-stochastic,751.0,134.08814981124368,0.1485051914526604,0.9333754993342211,0.0505992010652463,0.0,-0.4382264399843588,0.2323487474603085,0.8578222984678736,7.0
normal,1008,1,142,PPO,751.0,135.14853940304897,0.1252115621469077,0.9337163781624505,0.047936085219707,0.0,-0.4235466745399151,0.1959039232756829,0.7822494203207416,6.0
normal,1008,1,142,PPO-stochastic,751.0,135.9795326289929,0.1293706639500043,0.933769640479361,0.0492676431424767,0.0,-0.4285042624614658,0.2024111846384444,0.7733509762438334,7.0
normal,1008,2,242,PPO,751.0,134.80790523068632,0.1489824398230588,0.9338495339547273,0.0412782956058588,0.0,-0.4245498149652437,0.2330954423064942,0.8936089897917685,7.0
normal,1008,2,242,PPO-stochastic,751.0,136.61283746695733,0.1534420923009424,0.9337110519307592,0.0466045272969374,0.0,-0.4371740555959459,0.2400729402458497,0.887073012557471,8.0
normal,1008,0,123,DQN,751.0,133.64523279635645,0.1529449283030999,0.9327310252996008,0.0386151797603195,0.0,-0.4301447075882807,0.2392950857408916,,9.0
normal,1008,1,223,DQN,751.0,134.28053301638258,0.1605070177937509,0.9323794940079896,0.0505992010652463,0.0,-0.4517964399032484,0.2511266049231396,,8.0
normal,1008,2,323,DQN,751.0,138.7019722849342,0.1420810377599337,0.9339667110519309,0.0452729693741677,0.0,-0.4308446336103054,0.2222976236618962,,7.0
normal,1009,-1,-1,Local-only,719.0,170.42049991573433,0.516038050590008,0.9350000000000004,0.1557719054242002,0.0,-0.925221045640435,0.7729819966129496,,1.0
normal,1009,-1,-1,Edge-only,719.0,156.13621280616934,0.0938715816993563,0.9350000000000004,0.086230876216968,0.0,-0.4810723651011242,0.1406118067538275,,3.0
normal,1009,-1,-1,Cloud-only,719.0,175.64426562606556,0.1122571944951915,0.9350000000000004,0.1432545201668984,0.0,-0.5899802207057392,0.1681519225875887,,1.0
normal,1009,-1,-1,Static-rule,719.0,168.679062294408,0.2031878815388311,0.9310834492350488,0.1446453407510431,0.0,-0.6542764999706894,0.3043585142217073,,2.0
normal,1009,-1,-1,Greedy-myopic,719.0,133.67103421954087,0.1162513622710544,0.9340876216968014,0.0264255910987482,0.0,-0.3843756037155967,0.1741348530685171,,8.0
normal,1009,-1,-1,Best-constant,719.0,175.64426562606556,0.1122571944951915,0.9350000000000004,0.1432545201668984,0.0,-0.5899802207057392,0.1681519225875887,,1.0
normal,1009,0,42,PPO,719.0,132.6793434852758,0.1367180777098235,0.9334700973574412,0.0347705146036161,0.0,-0.4047460814438204,0.2047922872361731,0.8912855579164164,6.0
normal,1009,0,42,PPO-stochastic,719.0,135.91077735445648,0.1426130983016066,0.9335980528511822,0.0445062586926286,0.0,-0.4236753667286327,0.2136225368309482,0.8830453610884463,7.0
normal,1009,1,142,PPO,719.0,135.97148981838035,0.1233760309067626,0.9338205841446456,0.0347705146036161,0.0,-0.4034106279101471,0.1848070129624214,0.7867417453097825,7.0
normal,1009,1,142,PPO-stochastic,719.0,137.23019325345015,0.1286668931136204,0.9337593880389432,0.0458970792767733,0.0,-0.4210081256817818,0.1927322836431104,0.7758074343069786,8.0
normal,1009,2,242,PPO,719.0,135.19844334741276,0.146474744330298,0.9339541029207236,0.0403337969401947,0.0,-0.4152563039628481,0.2194069607780921,0.8765686403789009,8.0
normal,1009,2,242,PPO-stochastic,719.0,137.01060503126118,0.1564419369468625,0.933826147426982,0.0458970792767733,0.0,-0.4303452133297571,0.2343369847183212,0.8544512999260874,8.0
normal,1009,0,123,DQN,719.0,135.0790660945569,0.1509067682050209,0.9328859527121004,0.0347705146036161,0.0,-0.4199072997602422,0.226045763207104,,9.0
normal,1009,1,223,DQN,719.0,135.12841813893613,0.1571629218067451,0.9324297635605008,0.0333796940194714,0.0,-0.4272521577958189,0.2354169599563533,,8.0
normal,1009,2,323,DQN,719.0,138.94262216974786,0.1410865332634102,0.9340097357440892,0.0361613351877607,0.0,-0.4144345394200552,0.2113358696174831,,7.0
normal,1010,-1,-1,Local-only,719.0,162.01800192631097,0.5097773282791364,0.9350000000000004,0.1446453407510431,0.0,-0.8936626175166771,0.763603956318123,,1.0
normal,1010,-1,-1,Edge-only,719.0,155.76116203806188,0.0962500906925037,0.9350000000000004,0.0945757997218358,0.0,-0.4983041217168861,0.1441746150164794,,3.0
normal,1010,-1,-1,Cloud-only,719.0,175.73466512777853,0.1153042915893943,0.9350000000000004,0.1696801112656467,0.0,-0.6281467349394848,0.1727162201099468,,1.0
normal,1010,-1,-1,Static-rule,719.0,159.12763154350017,0.2012791410531263,0.9310723226703758,0.1210013908205841,0.0,-0.6158634794282795,0.3014993800358287,,2.0
normal,1010,-1,-1,Greedy-myopic,719.0,132.95856533686023,0.1204237217669284,0.9340208623087624,0.0319888734353268,0.0,-0.3962391070771632,0.1803846998967115,,8.0
normal,1010,-1,-1,Best-constant,719.0,175.73466512777853,0.1153042915893943,0.9350000000000004,0.1696801112656467,0.0,-0.6281467349394848,0.1727162201099468,,1.0
normal,1010,0,42,PPO,719.0,131.1084453645584,0.1421411895972854,0.9331863699582756,0.0347705146036161,0.0,-0.412266547010325,0.2129156569176005,0.8556034729941664,6.0
normal,1010,0,42,PPO-stochastic,719.0,134.13232964618564,0.1530323817263844,0.9333810848400558,0.0472878998609179,0.0,-0.4350182226376458,0.2292297551276466,0.8403259365351791,8.0
normal,1010,1,142,PPO,719.0,134.3097930559019,0.1283191014350228,0.9336091794158556,0.03894297635605,0.0,-0.4141415396934728,0.1922113206912113,0.7650128003567332,6.0
normal,1010,1,142,PPO-stochastic,719.0,136.63318688595237,0.1347924638130121,0.9336091794158556,0.0528511821974965,0.0,-0.4367882471357185,0.2019078780865746,0.7648646850501587,7.0
normal,1010,2,242,PPO,719.0,134.48031787779175,0.1496504035460517,0.9336648122392212,0.0375521557719054,0.0,-0.4211327532204083,0.2241638336450231,0.8590810883671087,7.0
normal,1010,2,242,PPO-stochastic,719.0,136.23386049702796,0.1589382790903198,0.9337426981919332,0.0445062586926286,0.0,-0.434863483208312,0.2380762972207081,0.8401254104276774,9.0
normal,1010,0,123,DQN,719.0,133.3311966172969,0.1573411290465284,0.9326689847009738,0.0347705146036161,0.0,-0.4274017812709842,0.2356838995509458,,9.0
normal,1010,1,223,DQN,719.0,134.75933421871437,0.1619838410188306,0.9323129346314326,0.0347705146036161,0.0,-0.4369491625668595,0.2426382951927902,,8.0
normal,1010,2,323,DQN,719.0,138.1695998515488,0.1448283991468077,0.9338706536856748,0.0361613351877607,0.0,-0.4215521038098416,0.2169408728886556,,7.0
normal,1011,-1,-1,Local-only,658.0,157.70307089462133,0.5161703499414423,0.9350000000000002,0.1504559270516717,0.0,-0.864058177535382,0.7075835213780604,,1.0
normal,1011,-1,-1,Edge-only,658.0,152.36763548189433,0.0930138845313784,0.9350000000000002,0.0972644376899696,0.0,-0.492220048553134,0.1275065333784316,,3.0
normal,1011,-1,-1,Cloud-only,658.0,171.6434795690858,0.1123207753472959,0.9350000000000002,0.1443768996960486,0.0,-0.5926272863591066,0.1539730628719179,,1.0
normal,1011,-1,-1,Static-rule,658.0,155.52300292217083,0.2043785470585013,0.9310729483282678,0.1306990881458966,0.0,-0.6168649397305885,0.2801689249260289,,2.0
normal,1011,-1,-1,Greedy-myopic,658.0,133.66595303933877,0.1143099014749904,0.9340638297872342,0.033434650455927,0.0,-0.3973026914384995,0.1566998232719663,,8.0
normal,1011,-1,-1,Best-constant,658.0,171.6434795690858,0.1123207753472959,0.9350000000000002,0.1443768996960486,0.0,-0.5926272863591066,0.1539730628719179,,1.0
normal,1011,0,42,PPO,658.0,133.188042155168,0.1329879419542163,0.9334924012158056,0.047112462006079,0.0,-0.4231122420336911,0.1823043037622386,0.86891529754393,6.0
normal,1011,0,42,PPO-stochastic,658.0,134.52087785597405,0.1453905620425145,0.9335045592705168,0.0516717325227963,0.0,-0.4361456245155524,0.1993062287999472,0.8376892955130175,7.0
normal,1011,1,142,PPO,658.0,135.7544434659379,0.1188832284856654,0.93377811550152,0.0455927051671732,0.0,-0.4191987973950171,0.1629690923824333,0.7810818801257522,7.0
normal,1011,1,142,PPO-stochastic,658.0,137.24569212830423,0.1287933420694313,0.9337902735562312,0.0547112462006079,0.0,-0.436088189897397,0.1765542064201791,0.7676914560871827,7.0
normal,1011,2,242,PPO,658.0,135.72819354137576,0.1392985516287871,0.9338693009118544,0.047112462006079,0.0,-0.4275877193333741,0.190955097857796,0.8454379978898268,8.0
normal,1011,2,242,PPO-stochastic,658.0,137.693222159526,0.1494076513154302,0.9338510638297874,0.0516717325227963,0.0,-0.4415571283517398,0.2048129886782359,0.8207285298108149,9.0
normal,1011,0,123,DQN,658.0,134.12791661583256,0.1544064279416717,0.9328358662613984,0.0440729483282674,0.0,-0.4357504647804219,0.2116654783033751,,8.0
normal,1011,1,223,DQN,658.0,135.61526947218118,0.1660020000231997,0.9322462006079028,0.0410334346504559,0.0,-0.4479092905964059,0.2275610750318032,,9.0
normal,1011,2,323,DQN,658.0,138.6517139571532,0.1405372804727834,0.9338996960486324,0.0440729483282674,0.0,-0.4285054885012985,0.1926531886481072,,7.0
normal,1012,-1,-1,Local-only,776.0,172.28261921364992,0.506652959878911,0.9350000000000004,0.1739690721649484,0.0115979381443298,-1.0151526961465505,0.8190889518042394,,1.0
normal,1012,-1,-1,Edge-only,776.0,157.25170198077933,0.0953821833183893,0.9350000000000004,0.0940721649484536,0.0,-0.4969699316385795,0.1542011963647293,,3.0
normal,1012,-1,-1,Cloud-only,776.0,176.7142329050438,0.1148718097500187,0.9350000000000004,0.1688144329896907,0.0,-0.6254962158059106,0.1857094257625304,,1.0
normal,1012,-1,-1,Static-rule,776.0,165.44822684585205,0.203639151450431,0.931056701030928,0.1469072164948453,0.0,-0.6546611716985264,0.3292166281781968,,2.0
normal,1012,-1,-1,Greedy-myopic,776.0,133.8116212771582,0.1180317031034394,0.9341030927835056,0.027061855670103,0.0,-0.3891224502736847,0.1908179200172273,,8.0
normal,1012,-1,-1,Best-constant,776.0,176.7142329050438,0.1148718097500187,0.9350000000000004,0.1688144329896907,0.0,-0.6254962158059106,0.1857094257625304,,1.0
normal,1012,0,42,PPO,776.0,133.88602385614476,0.1385089622476764,0.9333247422680414,0.0386597938144329,0.0,-0.4169095307558721,0.22392282230041,0.8986159140993025,6.0
normal,1012,0,42,PPO-stochastic,776.0,135.36737342734853,0.1493781882889342,0.933396907216495,0.0463917525773195,0.0,-0.432290193682022,0.2414947377337771,0.8631834866402229,7.0
normal,1012,1,142,PPO,776.0,136.43850913788583,0.1233506539856605,0.9336546391752578,0.0399484536082474,0.0,-0.4149369793065252,0.1994168906101514,0.7777590224586581,7.0
normal,1012,1,142,PPO-stochastic,776.0,138.0526671526454,0.134587827919313,0.933680412371134,0.0425257731958762,0.0,-0.4253858031033557,0.2175836551362225,0.765033862539135,8.0
normal,1012,2,242,PPO,776.0,136.63780993926707,0.1495193952285136,0.9337989690721652,0.0425257731958762,0.0,-0.4268952899706941,0.2417230222860971,0.8817535604292661,8.0
normal,1012,2,242,PPO-stochastic,776.0,139.0617576081011,0.1524539372682541,0.933778350515464,0.0515463917525773,0.0,-0.4434796993958,0.2464671985836777,0.887450951031534,8.0
normal,1012,0,123,DQN,776.0,135.10734668519612,0.1533405193485888,0.9328505154639176,0.0386597938144329,0.0,-0.4291232735452738,0.2479005062802184,,9.0
normal,1012,1,223,DQN,776.0,136.3545716544422,0.1623559178960117,0.9323659793814434,0.0399484536082474,0.0,-0.4431315707869993,0.2624754005985524,,9.0
normal,1012,2,323,DQN,776.0,140.3504320575041,0.1462976232591109,0.9340000000000002,0.0360824742268041,0.0,-0.4229355875208241,0.2365144909355623,,7.0
normal,1013,-1,-1,Local-only,763.0,170.31918584695046,0.507258742270887,0.9350000000000004,0.1743119266055046,0.0039318479685452,-0.9746677358848964,0.8063300424014308,,1.0
normal,1013,-1,-1,Edge-only,763.0,155.79286424439968,0.0921828351583087,0.9350000000000004,0.0982961992136304,0.0,-0.4999096252398493,0.1465322983870616,,3.0
normal,1013,-1,-1,Cloud-only,763.0,178.94269901248703,0.110886091684673,0.9350000000000004,0.1598951507208388,0.0,-0.6234224222174882,0.1762626832404279,,1.0
normal,1013,-1,-1,Static-rule,763.0,169.99664817672857,0.2013035079399322,0.9310838794233292,0.1730013106159895,0.0,-0.6941107647842386,0.3199887011628508,,2.0
normal,1013,-1,-1,Greedy-myopic,763.0,132.53017459230145,0.1156915493772413,0.9340511140235912,0.0222804718217562,0.0,-0.3837280452000312,0.1839013586975734,,8.0
normal,1013,-1,-1,Best-constant,763.0,178.94269901248703,0.110886091684673,0.9350000000000004,0.1598951507208388,0.0,-0.6234224222174882,0.1762626832404279,,1.0
normal,1013,0,42,PPO,763.0,131.56497100750408,0.1354546651710756,0.933427260812582,0.0288335517693315,0.0,-0.4022747371693923,0.2153164781781891,0.8821137195567784,6.0
normal,1013,0,42,PPO-stochastic,763.0,133.59155958270733,0.1439699893362935,0.9334377457404984,0.0327653997378768,0.0,-0.4147816216326804,0.22885229554915,0.8606255182686359,6.0
normal,1013,1,142,PPO,763.0,135.54100420540868,0.1213192161963697,0.933768020969856,0.036697247706422,0.0,-0.4104098233604374,0.1928470040788129,0.7910687298651877,6.0
normal,1013,1,142,PPO-stochastic,763.0,136.6724284682107,0.1298807862408332,0.9338361730013108,0.0340760157273918,0.0,-0.4128506949836029,0.206456333128658,0.7686698887751072,8.0
normal,1013,2,242,PPO,763.0,135.3258000216329,0.1451598010376188,0.9339148099606815,0.0340760157273918,0.0,-0.4151166790775752,0.2307436003993817,0.8901772155459399,7.0
normal,1013,2,242,PPO-stochastic,763.0,136.6344125636736,0.1467638731456759,0.9337208387942336,0.0432503276539973,0.0,-0.4310410987912326,0.2332934066878139,0.8680309311170643,8.0
normal,1013,0,123,DQN,763.0,134.48690288696943,0.150177083607807,0.93289252948886,0.019659239842726,0.0,-0.409145951231263,0.2387189891515765,,9.0
normal,1013,1,223,DQN,763.0,133.96946283647617,0.1551750060647008,0.932452162516383,0.0327653997378768,0.0,-0.4290179382446662,0.2466636033903472,,8.0
normal,1013,2,323,DQN,763.0,138.87223264885833,0.1392348085826207,0.9339777195281784,0.0353866317169069,0.0,-0.4202277489260514,0.2213253311427907,,7.0
normal,1014,-1,-1,Local-only,711.0,163.92673892635264,0.5139666787732067,0.9350000000000004,0.1392405063291139,0.0,-0.8856623530355642,0.7613131429328127,,1.0
normal,1014,-1,-1,Edge-only,711.0,154.52341262920524,0.0933482461228858,0.9350000000000004,0.0787623066104078,0.0,-0.4741332301555296,0.1382720895695246,,3.0
normal,1014,-1,-1,Cloud-only,711.0,175.20737490560154,0.1128796323434122,0.9350000000000004,0.1434599156118143,0.0,-0.5945064051912027,0.1672029554086794,,1.0
normal,1014,-1,-1,Static-rule,711.0,163.85582779198035,0.2046955686235603,0.9310337552742618,0.140646976090014,0.0,-0.6436085342254061,0.3032053110236489,,2.0
normal,1014,-1,-1,Greedy-myopic,711.0,133.53626111564952,0.1141444936209722,0.9340436005625884,0.0225035161744022,0.0,-0.3836061712691748,0.1690765311760651,,8.0
normal,1014,-1,-1,Best-constant,711.0,175.20737490560154,0.1128796323434122,0.9350000000000004,0.1434599156118143,0.0,-0.5945064051912027,0.1672029554086794,,1.0
normal,1014,0,42,PPO,711.0,132.9729235992317,0.1343065165689585,0.933368495077356,0.0253164556962025,0.0,-0.399846958537658,0.1989415276677699,0.909205112380988,6.0
normal,1014,0,42,PPO-stochastic,711.0,135.86987205451246,0.1471829902216038,0.93345288326301,0.0393811533052039,0.0,-0.4252649993931479,0.2180148042657507,0.8702200959042322,8.0
normal,1014,1,142,PPO,711.0,136.076409395198,0.1226615637712336,0.9338129395218004,0.030942334739803,0.0,-0.4033180800218865,0.1816924413361397,0.7775095996201961,6.0
normal,1014,1,142,PPO-stochastic,711.0,137.99754233969244,0.1277583086619028,0.9337904360056262,0.0365682137834036,0.0,-0.4162317261560649,0.1892419947054434,0.7691471569826918,7.0
normal,1014,2,242,PPO,711.0,135.85022075135572,0.1438060383657294,0.9338298171589312,0.0281293952180028,0.0,-0.4079982412952969,0.2130126943292366,0.8952143021168923,6.0
normal,1014,2,242,PPO-stochastic,711.0,137.70125899621456,0.1502549219092266,0.9338354430379748,0.0450070323488045,0.0,-0.4326379334196008,0.222565103078042,0.8748951683137907,8.0
normal,1014,0,123,DQN,711.0,133.54208959311472,0.1539740775743525,0.9327890295358652,0.0337552742616033,0.0,-0.421910621942418,0.2280741024070096,,8.0
normal,1014,1,223,DQN,711.0,135.13959908171978,0.1584726642588101,0.9323670886075952,0.0295358649789029,0.0,-0.4278792404810455,0.2347376339333625,,8.0
normal,1014,2,323,DQN,711.0,139.3032850806799,0.1371596786720303,0.9339817158931084,0.0323488045007032,0.0,-0.4141598292066932,0.2031677740329452,,7.0
normal,1015,-1,-1,Local-only,744.0,165.15471217736976,0.5061413409672788,0.9350000000000004,0.1559139784946236,0.0,-0.91783904841503,0.7845190784992815,,1.0
normal,1015,-1,-1,Edge-only,744.0,155.58082939702263,0.0947282322198615,0.9350000000000004,0.0887096774193548,0.0,-0.488917286784886,0.1468287599407854,,3.0
normal,1015,-1,-1,Cloud-only,744.0,178.42144714726973,0.1138707846595239,0.9350000000000004,0.1612903225806451,0.0,-0.6232608012143299,0.1764997162222623,,1.0
normal,1015,-1,-1,Static-rule,744.0,165.0823276809623,0.200746605714986,0.9310537634408604,0.1384408602150537,0.0,-0.6456251456078386,0.3111572388582284,,2.0
normal,1015,-1,-1,Greedy-myopic,744.0,131.9752377263543,0.1202547394431677,0.933930107526882,0.0201612903225806,0.0,-0.3819987884203811,0.1863948461369102,,8.0
normal,1015,-1,-1,Best-constant,744.0,178.42144714726973,0.1138707846595239,0.9350000000000004,0.1612903225806451,0.0,-0.6232608012143299,0.1764997162222623,,1.0
normal,1015,0,42,PPO,744.0,131.94436897028794,0.1377788655304222,0.9333333333333336,0.0376344086021505,0.0,-0.4126230520139903,0.2135572415721542,0.8794654600061876,6.0
normal,1015,0,42,PPO-stochastic,744.0,133.47477223522233,0.1475247435544056,0.9334301075268818,0.032258064516129,0.0,-0.4134679341625814,0.2286633525093286,0.8704260716174719,7.0
normal,1015,1,142,PPO,744.0,134.3425875919774,0.1274309785019007,0.9336989247311828,0.043010752688172,0.0,-0.4160923281233754,0.1975180166779462,0.7902042284277419,7.0
normal,1015,1,142,PPO-stochastic,744.0,135.7810720101645,0.1333852563811582,0.9336236559139788,0.0389784946236559,0.0,-0.4193280803727658,0.2067471473907954,0.7767327288165689,8.0
normal,1015,2,242,PPO,744.0,134.18910873419975,0.1464862588377797,0.933698924731183,0.0416666666666666,0.0,-0.4213458794371991,0.2270537011985585,0.8856258232156515,7.0
normal,1015,2,242,PPO-stochastic,744.0,135.47952391168545,0.1602116797846521,0.9337634408602152,0.0456989247311828,0.0,-0.4344103768235445,0.2483281036662107,0.8558421809206246,9.0
normal,1015,0,123,DQN,744.0,133.38616670552162,0.1528087495015552,0.9328010752688174,0.0255376344086021,0.0,-0.4137271663070019,0.236853561727411,,9.0
normal,1015,1,223,DQN,744.0,134.7819491296171,0.1580790790178111,0.9323064516129034,0.032258064516129,0.0,-0.4314851412206916,0.2450225724776071,,8.0
normal,1015,2,323,DQN,744.0,137.6294924884406,0.1424963105947409,0.9338548387096776,0.032258064516129,0.0,-0.4147429201305791,0.2208692814218485,,7.0
normal,1016,-1,-1,Local-only,704.0,166.43927874662631,0.5095753400906389,0.9350000000000004,0.1860795454545454,0.0,-0.9391985768181412,0.7473771654662702,,1.0
normal,1016,-1,-1,Edge-only,704.0,152.952178409712,0.091643270413605,0.9350000000000004,0.0880681818181818,0.0,-0.4851430579330043,0.1344101299399539,,3.0
normal,1016,-1,-1,Cloud-only,704.0,172.57310191291825,0.1096568578709898,0.9350000000000004,0.1576704545454545,0.0,-0.6080284104435453,0.1608300582107851,,1.0
normal,1016,-1,-1,Static-rule,704.0,163.9384248637556,0.199339629386811,0.9311193181818184,0.1605113636363636,0.0,-0.6650097451427018,0.2923647897673227,,2.0
normal,1016,-1,-1,Greedy-myopic,704.0,130.60013720197006,0.1164051883946752,0.934073863636364,0.0269886363636363,0.0,-0.3869240121253055,0.170727609645524,,8.0
normal,1016,-1,-1,Best-constant,704.0,172.57310191291825,0.1096568578709898,0.9350000000000004,0.1576704545454545,0.0,-0.6080284104435453,0.1608300582107851,,1.0
normal,1016,0,42,PPO,704.0,129.69850810218824,0.137379595503316,0.933323863636364,0.03125,0.0,-0.4046373808279942,0.2014900734048637,0.8760223354699768,6.0
normal,1016,0,42,PPO-stochastic,704.0,132.14574266221788,0.142576736362235,0.9334261363636366,0.0369318181818181,0.0,-0.4174611758135776,0.2091125466646113,0.8594634738983586,8.0
normal,1016,1,142,PPO,704.0,132.62309757326128,0.1214289884798008,0.933693181818182,0.03125,0.0,-0.4014614285947118,0.1780958497703749,0.7699106521639888,7.0
normal,1016,1,142,PPO-stochastic,704.0,134.12259875958262,0.1259689173644822,0.9338011363636366,0.0355113636363636,0.0,-0.410198065543675,0.1847544121345742,0.7647344415970359,8.0
normal,1016,2,242,PPO,704.0,132.53301770967752,0.1442932829975439,0.9338011363636364,0.0383522727272727,0.0,-0.4164155960390828,0.2116301483963981,0.8767836731990841,8.0
normal,1016,2,242,PPO-stochastic,704.0,134.2161768239945,0.1498346859875427,0.9337215909090912,0.0355113636363636,0.0,-0.4211815806898574,0.219757539448396,0.8534110478067305,8.0
normal,1016,0,123,DQN,704.0,131.7128560611417,0.1490087056732559,0.9328920454545456,0.034090909090909,0.0,-0.4193923571042466,0.2185461016541088,,8.0
normal,1016,1,223,DQN,704.0,133.05982006693202,0.1529103745131929,0.9324659090909092,0.034090909090909,0.0,-0.4293493264671439,0.2242685492860163,,8.0
normal,1016,2,323,DQN,704.0,137.09235654841282,0.1375726648156087,0.9340340909090912,0.0383522727272727,0.0,-0.4193049712700031,0.2017732417295592,,7.0
normal,1017,-1,-1,Local-only,737.0,172.76415596284355,0.5089538145520129,0.9350000000000004,0.2035278154681139,0.0027137042062415,-1.0024160506704305,0.7814561694267362,,1.0
normal,1017,-1,-1,Edge-only,737.0,156.75485657761226,0.0948419824143337,0.9350000000000004,0.112618724559023,0.0,-0.5197270341198675,0.1456219604986748,,3.0
normal,1017,-1,-1,Cloud-only,737.0,179.63131572776382,0.1137766008944796,0.9350000000000004,0.1791044776119403,0.0,-0.6491474496213379,0.1746944892900653,,1.0
normal,1017,-1,-1,Static-rule,737.0,173.78650680402197,0.2020662250506087,0.9310597014925376,0.1872455902306648,0.0,-0.7228492475570709,0.310255849713122,,2.0
normal,1017,-1,-1,Greedy-myopic,737.0,132.6005597085637,0.1218683906487054,0.9339687924016284,0.0284938941655359,0.0,-0.3957475243462791,0.1871187581418664,,8.0
normal,1017,-1,-1,Best-constant,737.0,179.63131572776382,0.1137766008944796,0.9350000000000004,0.1791044776119403,0.0,-0.6491474496213379,0.1746944892900653,,1.0
normal,1017,0,42,PPO,737.0,131.9545338188442,0.1396862150510193,0.9333663500678429,0.0420624151967435,0.0,-0.4211675810415528,0.2144765426929193,0.8966026330212563,6.0
normal,1017,0,42,PPO-stochastic,737.0,135.74431478854254,0.1467798867007023,0.9333717774762552,0.0542740841248303,0.0,-0.4454447964686121,0.2253682843717033,0.8834718268622456,7.0
normal,1017,1,142,PPO,737.0,136.11363921741287,0.1247390669177664,0.9338113975576664,0.0515603799185888,0.0,-0.4300178811811708,0.1915264423299869,0.8070686600617104,7.0
normal,1017,1,142,PPO-stochastic,737.0,136.97461153800612,0.1311083217979433,0.9336702849389418,0.0529172320217096,0.0,-0.4378665671187147,0.2013059024272586,0.7872120106347623,8.0
normal,1017,2,242,PPO,737.0,135.17176753949096,0.1477467063625046,0.9338548168249662,0.0461329715061058,0.0,-0.4305163332064424,0.2268527553940954,0.9015328762509444,7.0
normal,1017,2,242,PPO-stochastic,737.0,137.67189053437048,0.157375875355321,0.9338439620081412,0.0597014925373134,0.0,-0.4557113876846671,0.2416375419518158,0.8825145123710949,8.0
normal,1017,0,123,DQN,737.0,133.64308414709086,0.1569625907196193,0.9326553595658076,0.0420624151967435,0.0,-0.4379983710720077,0.2410029778340821,,8.0
normal,1017,1,223,DQN,737.0,134.7538737343307,0.1628757992353117,0.932313432835821,0.039348710990502,0.0,-0.4440412163279308,0.2500822167425515,,8.0
normal,1017,2,323,DQN,737.0,139.17399312848397,0.1470928231412965,0.934006784260516,0.0407055630936228,0.0,-0.4309566606702865,0.2258487721981988,,7.0
normal,1018,-1,-1,Local-only,698.0,167.24925735019832,0.5110277737053498,0.9350000000000004,0.164756446991404,0.0,-0.9177061629229748,0.7431195542631961,,1.0
normal,1018,-1,-1,Edge-only,698.0,154.0072124478609,0.0936102756980063,0.9350000000000004,0.0802292263610315,0.0,-0.4743960900811026,0.1361249425775178,,3.0
normal,1018,-1,-1,Cloud-only,698.0,173.6725700118301,0.1123987071838714,0.9350000000000004,0.1332378223495702,0.0,-0.5818823540350584,0.1634464533632134,,1.0
normal,1018,-1,-1,Static-rule,698.0,166.11868565275353,0.2013559882932708,0.931085959885387,0.1504297994269341,0.0,-0.6579404095766137,0.2928051663097983,,2.0
normal,1018,-1,-1,Greedy-myopic,698.0,131.54927438409015,0.1171576588996459,0.933974212034384,0.0343839541547277,0.0,-0.3932375991408692,0.1703667623165689,,8.0
normal,1018,-1,-1,Best-constant,698.0,173.6725700118301,0.1123987071838714,0.9350000000000004,0.1332378223495702,0.0,-0.5818823540350584,0.1634464533632134,,1.0
normal,1018,0,42,PPO,698.0,131.84542529566625,0.1334290493982491,0.9333438395415476,0.0386819484240687,0.0,-0.4106021447699262,0.1940280759999542,0.8642472713054251,6.0
normal,1018,0,42,PPO-stochastic,698.0,134.5830215296732,0.1484981577464078,0.9335730659025788,0.0401146131805157,0.0,-0.4225556368775228,0.2159410710562352,0.8514903689972139,7.0
normal,1018,1,142,PPO,698.0,133.9375038835367,0.1236192326482199,0.9336819484240688,0.0458452722063037,0.0,-0.4155676509612352,0.1797629674759533,0.7702114570026625,6.0
normal,1018,1,142,PPO-stochastic,698.0,136.11793496821392,0.1305199047767708,0.9337449856733526,0.0472779369627507,0.0,-0.4240606519140771,0.1897976948628879,0.7592764993072795,8.0
normal,1018,2,242,PPO,698.0,134.36023352223648,0.1451554231856291,0.9338080229226364,0.0487106017191977,0.0,-0.4265426799523997,0.211080177882436,0.8641764630688978,8.0
normal,1018,2,242,PPO-stochastic,698.0,136.07411910545673,0.1494029362846036,0.93376217765043,0.0458452722063037,0.0,-0.4296969600529225,0.2172567698471947,0.8401546514030002,8.0
normal,1018,0,123,DQN,698.0,131.96007177420077,0.1526761318452125,0.9328108882521492,0.0372492836676217,0.0,-0.4214212387639746,0.2220165417249131,,9.0
normal,1018,1,223,DQN,698.0,134.0684478694353,0.1588538883117384,0.9323753581661892,0.0401146131805157,0.0,-0.4369406792873727,0.2310000292533199,,8.0
normal,1018,2,323,DQN,698.0,138.8114851215543,0.1410969573118904,0.9340028653295132,0.0472779369627507,0.0,-0.4297626104192285,0.2051784920910409,,7.0
normal,1019,-1,-1,Local-only,678.0,162.5828086893071,0.5114355324104212,0.9350000000000004,0.1283185840707964,0.0,-0.8495792545336,0.72240268952972,,1.0
normal,1019,-1,-1,Edge-only,678.0,154.67761378409483,0.095112248973067,0.9350000000000004,0.0899705014749262,0.0,-0.4861842683856506,0.1343460516744574,,3.0
normal,1019,-1,-1,Cloud-only,678.0,175.23745761430908,0.1148389904449664,0.9350000000000004,0.1519174041297935,0.0,-0.6040074840121024,0.1622100740035151,,1.0
normal,1019,-1,-1,Static-rule,678.0,165.31534488416608,0.2031662013224129,0.9310412979351034,0.1371681415929203,0.0,-0.6416157638779563,0.2869722593679085,,2.0
normal,1019,-1,-1,Greedy-myopic,678.0,131.64051955773442,0.1210404521315602,0.9338849557522126,0.0250737463126843,0.0,-0.3850474940364203,0.1709696386358287,,8.0
normal,1019,-1,-1,Best-constant,678.0,175.23745761430908,0.1148389904449664,0.9350000000000004,0.1519174041297935,0.0,-0.6040074840121024,0.1622100740035151,,1.0
normal,1019,0,42,PPO,678.0,130.73832507571765,0.1401827050092679,0.9332241887905608,0.0294985250737463,0.0,-0.4015564704570848,0.1980080708255908,0.8651284101064753,6.0
normal,1019,0,42,PPO-stochastic,678.0,133.5372053852317,0.1532139645642617,0.9333598820058998,0.0339233038348082,0.0,-0.416877578872062,0.2164147249470198,0.8450420166209208,6.0
normal,1019,1,142,PPO,678.0,134.37788741079072,0.1238953629043149,0.9336725663716816,0.0353982300884955,0.0,-0.4046781520057727,0.175002200102345,0.7764798090751983,6.0
normal,1019,1,142,PPO-stochastic,678.0,136.3924293735163,0.1325509162561318,0.9337197640117996,0.0427728613569321,0.0,-0.4203190852071177,0.1872281692117864,0.7723188832536845,8.0
normal,1019,2,242,PPO,678.0,134.18975229361064,0.1481219855889227,0.9337846607669618,0.0339233038348082,0.0,-0.4113849467699634,0.2092223046443535,0.859456003734232,7.0
normal,1019,2,242,PPO-stochastic,678.0,136.66253133846288,0.1534926080443449,0.9336253687315637,0.0368731563421828,0.0,-0.4239084257203957,0.2168083088626373,0.8403149233543064,9.0
normal,1019,0,123,DQN,678.0,133.15841004270075,0.1542200044809027,0.9327109144542776,0.0339233038348082,0.0,-0.4206594900224564,0.2178357563292752,,8.0
normal,1019,1,223,DQN,678.0,134.79607497595867,0.1613172372485834,0.9323864306784664,0.0309734513274336,0.0,-0.4277481041624772,0.2278605976136241,,8.0
normal,1019,2,323,DQN,678.0,138.6360867725805,0.1433541266834163,0.9339321533923306,0.0324483775811209,0.0,-0.4134386044676323,0.2024877039403256,,7.0
burst,1000,-1,-1,Local-only,1097.0,2255.25572165061,0.4283362646188206,0.9350000000000002,0.8769371011850501,0.1449407474931631,-3.547977480163241,0.9789268380975964,,1.0
burst,1000,-1,-1,Edge-only,1097.0,549.8523166701385,0.0932873421297817,0.9350000000000004,0.6134913400182316,0.0,-1.7110839794900057,0.2132004464924384,,3.0
burst,1000,-1,-1,Cloud-only,1097.0,1360.9206401523488,0.1120984425900231,0.9350000000000004,0.8012762078395624,0.0,-2.487576215429172,0.2561916490026154,,1.0
burst,1000,-1,-1,Static-rule,1097.0,3230.3363166034624,0.2032242050830209,0.9310583409298088,0.9216043755697356,0.0,-3.0087149403429083,0.4644519853668206,,2.0
burst,1000,-1,-1,Greedy-myopic,1097.0,138.85357191638056,0.1228946827733125,0.9342051048313584,0.0346399270738377,0.0,-0.4104877694797936,0.2808655562548414,,8.0
burst,1000,-1,-1,Best-constant,1097.0,1360.9206401523488,0.1120984425900231,0.9350000000000004,0.8012762078395624,0.0,-2.487576215429172,0.2561916490026154,,1.0
burst,1000,0,42,PPO,1097.0,143.37012935894867,0.1437588440584707,0.9337201458523248,0.056517775752051,0.0,-0.4583713140480286,0.3285488581919626,0.9800254360669944,8.0
burst,1000,0,42,PPO-stochastic,1097.0,146.4938614573298,0.1503155541066736,0.9337821330902464,0.0656335460346399,0.0,-0.4775141553917139,0.3435336726146267,0.9629637508049484,8.0
burst,1000,1,142,PPO,1097.0,144.88087297575674,0.1335857900967252,0.9341103008204192,0.0583409298085688,0.0,-0.454413510158375,0.3052991911168912,0.8972209418988841,8.0
burst,1000,1,142,PPO-stochastic,1097.0,147.0230098292311,0.1396031653034185,0.9340082041932544,0.0592525068368277,0.0,-0.46451113661332,0.3190514007038545,0.8777150871909631,8.0
burst,1000,2,242,PPO,1097.0,145.50737658641685,0.1556415058414406,0.9342634457611668,0.056517775752051,0.0,-0.463768711285155,0.3557056914751255,1.0088056256840092,8.0
burst,1000,2,242,PPO-stochastic,1097.0,147.81809217309942,0.1563813339402963,0.9340993618960804,0.0738377392889699,0.0,-0.4893456751894161,0.3573965069427185,0.990557485819542,9.0
burst,1000,0,123,DQN,1097.0,142.9355101253017,0.1534253979626944,0.9329653600729262,0.0556061987237921,0.0,-0.4673760000679081,0.350640961593908,,9.0
burst,1000,1,223,DQN,1097.0,142.64134865692515,0.1558518477561427,0.9329106654512308,0.0583409298085688,0.0,-0.4727078538842304,0.3561864103926841,,9.0
burst,1000,2,323,DQN,1097.0,145.89869565292418,0.1449578963886881,0.9339206927985416,0.0628988149498632,0.0,-0.4679878100553766,0.3312891923716476,,7.0
burst,1001,-1,-1,Local-only,1133.0,2259.9938544156907,0.4174870195495274,0.9350000000000004,0.8949691085613416,0.1694616063548102,-3.719189032025376,0.9854433190616974,,1.0
burst,1001,-1,-1,Edge-only,1133.0,542.466745009035,0.0936747784632883,0.9350000000000002,0.7458075904677847,0.0,-1.9318912971337192,0.2211115083310535,,3.0
burst,1001,-1,-1,Cloud-only,1133.0,1545.9319094083196,0.1122951266183912,0.9350000000000002,0.8455428067078552,0.0,-2.6341234525171284,0.2650632884554939,,1.0
burst,1001,-1,-1,Static-rule,1133.0,3514.3325149635853,0.2032615152687176,0.9310741394527802,0.9179170344218888,0.0,-3.032845369200853,0.4797818683322022,,2.0
burst,1001,-1,-1,Greedy-myopic,1133.0,139.64287642303935,0.1225763590366914,0.9341950573698148,0.0361871138570167,0.0,-0.4179492992560239,0.2893312808095236,,8.0
burst,1001,-1,-1,Best-constant,1133.0,1545.9319094083196,0.1122951266183912,0.9350000000000002,0.8455428067078552,0.0,-2.6341234525171284,0.2650632884554939,,1.0
burst,1001,0,42,PPO,1133.0,144.82146490462844,0.1456106212515613,0.9337113857016772,0.0600176522506619,0.0,-0.4700241564946734,0.3437017372458728,0.9933930699304996,8.0
burst,1001,0,42,PPO-stochastic,1133.0,148.48442985920462,0.1488548065771637,0.9337290379523387,0.0759046778464254,0.0,-0.497661139022522,0.3513593663581797,0.9613342976685868,8.0
burst,1001,1,142,PPO,1133.0,146.3552152906367,0.134530121563532,0.9341632833186232,0.0644307149161518,0.0,-0.4677347505056224,0.3175471411072532,0.9123399009055146,8.0
burst,1001,1,142,PPO-stochastic,1133.0,147.90682837112598,0.1402745003400649,0.9340397175639894,0.0679611650485436,0.0,-0.4793894951801621,0.3311062685110278,0.8875666037078582,8.0
burst,1001,2,242,PPO,1133.0,147.09608628935968,0.1550856989717272,0.9342162400706092,0.0688437775816416,0.0,-0.4840554246282113,0.3660668686145147,1.0378825503507496,8.0
burst,1001,2,242,PPO-stochastic,1133.0,150.63726927075163,0.1560396779250954,0.9340503089143866,0.0759046778464254,0.0,-0.5021178953353296,0.3683186564356941,0.991525218831104,9.0
burst,1001,0,123,DQN,1133.0,143.1814409266422,0.1520936317996702,0.9330052956751986,0.0503089143865842,0.0,-0.4650040759484564,0.3590043433938052,,9.0
burst,1001,1,223,DQN,1133.0,144.16881052098793,0.1584743095254516,0.9329735216240072,0.0600176522506619,0.0,-0.4827958451391343,0.3740654014423679,,8.0
burst,1001,2,323,DQN,1133.0,145.32489445716047,0.1462027220495465,0.9339161518093558,0.058252427184466,0.0,-0.4662691047210138,0.3450993418377835,,7.0
burst,1002,-1,-1,Local-only,1119.0,1722.0049116800046,0.4210102598281936,0.9350000000000004,0.8427167113494192,0.1510277033065236,-3.491344678756555,0.9814801682244766,,1.0
burst,1002,-1,-1,Edge-only,1119.0,378.2318424374379,0.0926141801666042,0.9350000000000004,0.6273458445040214,0.0,-1.5251825937461554,0.2159068075133958,,3.0
burst,1002,-1,-1,Cloud-only,1119.0,1241.9383621938807,0.1110753081975207,0.9350000000000004,0.8185880250223414,0.0,-2.5032580696541262,0.2589443122354706,,1.0
burst,1002,-1,-1,Static-rule,1119.0,2874.7291501273075,0.2000823139320838,0.9310714924039322,0.8543342269883825,0.0,-2.8204825641832723,0.4664418943541706,,2.0
burst,1002,-1,-1,Greedy-myopic,1119.0,138.4322185006101,0.1219120847051485,0.9342457551385168,0.033958891867739,0.0,-0.4141435344083173,0.2842075474688782,,8.0
burst,1002,-1,-1,Best-constant,1119.0,1241.9383621938807,0.1110753081975207,0.9350000000000004,0.8185880250223414,0.0,-2.5032580696541262,0.2589443122354706,,1.0
burst,1002,0,42,PPO,1119.0,141.71269501481078,0.1441964047831126,0.9336666666666668,0.0571939231456657,0.0,-0.4623829972067547,0.3361578686506318,0.9764996418218403,8.0
burst,1002,0,42,PPO-stochastic,1119.0,144.1523246374756,0.1487360194575565,0.9336630920464702,0.0750670241286863,0.0,-0.48926241315559,0.3467408453604294,0.9605141028635356,9.0
burst,1002,1,142,PPO,1119.0,144.16445177287363,0.1337213200849019,0.9340241286863272,0.0616621983914209,0.0,-0.4633891241207538,0.3117378274479283,0.9126716581655132,8.0
burst,1002,1,142,PPO-stochastic,1119.0,145.48917868157375,0.1388629222804893,0.9338704200178732,0.064343163538874,0.0,-0.4746098750925734,0.3237241875663914,0.878893055401075,8.0
burst,1002,2,242,PPO,1119.0,142.67997300688728,0.1572950522597369,0.9341063449508492,0.0634495084897229,0.0,-0.4731084385994296,0.3666940905805125,1.031085121830704,8.0
burst,1002,2,242,PPO-stochastic,1119.0,146.36568907755023,0.1571855080682913,0.934016979445934,0.0723860589812332,0.0,-0.4919691262452049,0.3664387156842046,0.9824341381030278,8.0
burst,1002,0,123,DQN,1119.0,142.03469476223398,0.1520635956395798,0.9330196604110812,0.0607685433422698,0.0,-0.4754293046927951,0.354498257334771,,9.0
burst,1002,1,223,DQN,1119.0,141.83711404027812,0.1550390095763372,0.9328552278820378,0.0589812332439678,0.0,-0.4788392263044805,0.3614346910748367,,8.0
burst,1002,2,323,DQN,1119.0,144.2642606621112,0.1467912191884748,0.9338525469168902,0.0625558534405719,0.0,-0.472121934044492,0.3422070297331322,,7.0
burst,1003,-1,-1,Local-only,1070.0,1726.9412771481534,0.4375373259307248,0.9350000000000004,0.8504672897196262,0.1205607476635514,-3.423245791642843,0.9753436223872408,,1.0
burst,1003,-1,-1,Edge-only,1070.0,401.2135969377208,0.0930994982829885,0.9350000000000004,0.5485981308411215,0.0,-1.4695456484866627,0.2075342982558283,,3.0
burst,1003,-1,-1,Cloud-only,1070.0,1157.6428375934352,0.1119228837848215,0.9350000000000004,0.811214953271028,0.0,-2.4370344709942118,0.249494761770331,,1.0
burst,1003,-1,-1,Static-rule,1070.0,2805.340465907402,0.2018825311524751,0.9310672897196264,0.8598130841121495,0.0,-2.847519285571208,0.4500298090273923,,2.0
burst,1003,-1,-1,Greedy-myopic,1070.0,138.11965786070547,0.1218182187542319,0.934177570093458,0.0308411214953271,0.0,-0.4086161339684407,0.2715531126396419,,8.0
burst,1003,-1,-1,Best-constant,1070.0,1157.6428375934352,0.1119228837848215,0.9350000000000004,0.811214953271028,0.0,-2.4370344709942118,0.249494761770331,,1.0
burst,1003,0,42,PPO,1070.0,142.14828913894323,0.1431183142612797,0.9335757009345796,0.0598130841121495,0.0,-0.4636256938390631,0.3190345755407691,1.0038084970177892,8.0
burst,1003,0,42,PPO-stochastic,1070.0,144.44721277415317,0.1510016795579992,0.9336355140186918,0.0644859813084112,0.0,-0.4777393173652506,0.3366079106813731,0.9812926738757952,8.0
burst,1003,1,142,PPO,1070.0,145.0828098831302,0.132739640728154,0.9340803738317758,0.0542056074766355,0.0,-0.4541415503705885,0.2958987824565101,0.9139663512496468,8.0
burst,1003,1,142,PPO-stochastic,1070.0,144.9389169556156,0.137181435205394,0.9339121495327104,0.0607476635514018,0.0,-0.4650012959715974,0.3058002826453571,0.8727085257662791,8.0
burst,1003,2,242,PPO,1070.0,144.05210197434172,0.1564480766569393,0.934158878504673,0.0598130841121495,0.0,-0.4690572047182497,0.3487488375477608,1.0416017821702723,8.0
burst,1003,2,242,PPO-stochastic,1070.0,146.85195640209866,0.1577373928534646,0.9340280373831776,0.0710280373831775,0.0,-0.4893413893010983,0.3516229382358478,1.0119118032750682,8.0
burst,1003,0,123,DQN,1070.0,141.03680742104083,0.1514883099252525,0.932996261682243,0.0523364485981308,0.0,-0.4612205537045811,0.3376926908750417,,8.0
burst,1003,1,223,DQN,1070.0,141.77275660144934,0.154498177500248,0.9328990654205608,0.0504672897196261,0.0,-0.4658498532186735,0.3444021873443024,,9.0
burst,1003,2,323,DQN,1070.0,144.0543696029582,0.1475264887001902,0.9339121495327104,0.0607476635514018,0.0,-0.466317213553328,0.3288611310608405,,7.0
burst,1004,-1,-1,Local-only,1067.0,1802.187888433944,0.4388967709177652,0.9350000000000004,0.8275538894095595,0.1302717900656045,-3.3843468276073554,0.9756309470192824,,1.0
burst,1004,-1,-1,Edge-only,1067.0,367.7965404724854,0.0930094435001562,0.9350000000000004,0.5651358950328023,0.0,-1.4345815069023045,0.2067522421138895,,3.0
burst,1004,-1,-1,Cloud-only,1067.0,1097.5792740460702,0.1116207164491817,0.9350000000000004,0.7806935332708529,0.0,-2.365267246326609,0.2481235509401606,,1.0
burst,1004,-1,-1,Static-rule,1067.0,2742.5697923594284,0.2033083273867311,0.9310749765698222,0.8706654170571696,0.0,-2.8582231923780927,0.4519374694200879,,2.0
burst,1004,-1,-1,Greedy-myopic,1067.0,138.48118626680818,0.1236347933252978,0.9342239925023432,0.035613870665417,0.0,-0.4128536548959932,0.2748298426626938,,8.0
burst,1004,-1,-1,Best-constant,1067.0,1097.5792740460702,0.1116207164491817,0.9350000000000004,0.7806935332708529,0.0,-2.365267246326609,0.2481235509401606,,1.0
burst,1004,0,42,PPO,1067.0,141.47297748354345,0.1416431587690168,0.9336841611996252,0.0609184629803186,0.0,-0.4597689161202647,0.3148609383469606,0.9655117790067208,7.0
burst,1004,0,42,PPO-stochastic,1067.0,144.68041563943092,0.1505678665055369,0.9336616682286788,0.0740393626991565,0.0,-0.4861354467953399,0.3346998199196002,0.9475180374138972,8.0
burst,1004,1,142,PPO,1067.0,145.10772837681776,0.1289995124028582,0.934062792877226,0.0581068416119962,0.0,-0.4550029719055364,0.2867551661121872,0.8868056943128627,8.0
burst,1004,1,142,PPO-stochastic,1067.0,146.79118499167134,0.137061240608238,0.9339728209934396,0.0684161199625117,0.0,-0.4744381251040143,0.3046757161020623,0.858065069585885,8.0
burst,1004,2,242,PPO,1067.0,143.8218340410082,0.1502924390316993,0.93414526710403,0.0581068416119962,0.0,-0.4613908701016808,0.3340875675975489,1.0110147387180357,8.0
burst,1004,2,242,PPO-stochastic,1067.0,146.34919071967386,0.1534801267837746,0.9340178069353328,0.0702905342080599,0.0,-0.4829297543850875,0.3411735318297663,0.9736536019206772,8.0
burst,1004,0,123,DQN,1067.0,141.66684102897477,0.1540403800665639,0.932971883786317,0.0590440487347703,0.0,-0.4707467977081777,0.3424189281896332,,8.0
burst,1004,1,223,DQN,1067.0,142.18418334302316,0.1554807938550378,0.9328744142455484,0.0562324273664479,0.0,-0.4711417860397129,0.3456208480069282,,8.0
burst,1004,2,323,DQN,1067.0,146.14231179174857,0.1438723449235568,0.9338566073102156,0.0665417057169634,0.0,-0.4737905957602202,0.3198162334029898,,7.0
burst,1005,-1,-1,Local-only,1072.0,1929.4097878434789,0.4367592400598308,0.9350000000000004,0.855410447761194,0.1305970149253731,-3.4746085037892214,0.9754289694669552,,1.0
burst,1005,-1,-1,Edge-only,1072.0,418.4583791558616,0.0933952505639653,0.9350000000000004,0.691231343283582,0.0,-1.6851817774541935,0.208582726259523,,3.0
burst,1005,-1,-1,Cloud-only,1072.0,1211.733448169941,0.1117703202831761,0.9350000000000004,0.7975746268656716,0.0,-2.474543610525138,0.2496203819657599,,1.0
burst,1005,-1,-1,Static-rule,1072.0,2842.722233269585,0.2029485583047179,0.9310783582089556,0.8777985074626866,0.0,-2.8996523869412374,0.4532517802138698,,2.0
burst,1005,-1,-1,Greedy-myopic,1072.0,139.00675999940222,0.1227596131588183,0.9342052238805972,0.0261194029850746,0.0,-0.4017073673537194,0.2741631360546941,,8.0
burst,1005,-1,-1,Best-constant,1072.0,1211.733448169941,0.1117703202831761,0.9350000000000004,0.7975746268656716,0.0,-2.474543610525138,0.2496203819657599,,1.0
burst,1005,0,42,PPO,1072.0,141.60000265038198,0.1447941775275452,0.9336940298507465,0.044776119402985,0.0,-0.4429298027804399,0.3233736631448507,0.9867374976269844,7.0
burst,1005,0,42,PPO-stochastic,1072.0,146.23170879269887,0.1500772607273928,0.933723880597015,0.0559701492537313,0.0,-0.4680335796340403,0.3351725489578442,0.9492167465479128,8.0
burst,1005,1,142,PPO,1072.0,145.25895831950265,0.1328664367165593,0.9340820895522388,0.0522388059701492,0.0,-0.4485502622596771,0.2967350420003158,0.8965277316603886,7.0
burst,1005,1,142,PPO-stochastic,1072.0,147.00123935417267,0.1424598788900783,0.934018656716418,0.0578358208955223,0.0,-0.4642660319351191,0.3181603961878421,0.8740186820483468,9.0
burst,1005,2,242,PPO,1072.0,144.16858184537384,0.1553814870405724,0.9342052238805972,0.0531716417910447,0.0,-0.4571913037594848,0.3470186543906119,1.0184644181246578,8.0
burst,1005,2,242,PPO-stochastic,1072.0,148.69926066592754,0.1583934497964243,0.934018656716418,0.0652985074626865,0.0,-0.4835233920001887,0.3537453712120147,0.9820497145341124,9.0
burst,1005,0,123,DQN,1072.0,143.04392593369354,0.15377172751139,0.933108208955224,0.0475746268656716,0.0,-0.4577127102263544,0.3434235247754378,,8.0
burst,1005,1,223,DQN,1072.0,143.93222598080445,0.1567190941043147,0.9329402985074629,0.0485074626865671,0.0,-0.4649771462926805,0.3500059768329696,,8.0
burst,1005,2,323,DQN,1072.0,145.6594859679273,0.14419042996542,0.933921641791045,0.0513059701492537,0.0,-0.4544976738180282,0.3220252935894383,,8.0
burst,1006,-1,-1,Local-only,1114.0,1680.6296492942763,0.4241305517780941,0.9350000000000002,0.848294434470377,0.1499102333931777,-3.4494387650997567,0.9843363222516596,,1.0
burst,1006,-1,-1,Edge-only,1114.0,318.8351590969051,0.0939262786987892,0.9350000000000002,0.5691202872531418,0.0,-1.355100845317982,0.217987238480106,,3.0
burst,1006,-1,-1,Cloud-only,1114.0,1037.4415270422908,0.1129381944570514,0.9350000000000002,0.8096947935368043,0.0,-2.4227651170440847,0.2621107263024069,,1.0
burst,1006,-1,-1,Static-rule,1114.0,2745.111382837501,0.2010732816853571,0.9310897666068224,0.8833034111310593,0.0,-2.902789431993638,0.4666575745780995,,2.0
burst,1006,-1,-1,Greedy-myopic,1114.0,137.64694546155135,0.1235399812130104,0.9341059245960504,0.0403949730700179,0.0,-0.4216328592162132,0.2867157063985278,,8.0
burst,1006,-1,-1,Best-constant,1114.0,1037.4415270422908,0.1129381944570514,0.9350000000000002,0.8096947935368043,0.0,-2.4227651170440847,0.2621107263024069,,1.0
burst,1006,0,42,PPO,1114.0,140.64628647681397,0.1434681047924446,0.9335996409335728,0.0601436265709156,0.0,-0.4639871765986314,0.3329655598724645,0.9974156058555604,7.0
burst,1006,0,42,PPO-stochastic,1114.0,145.2018142680688,0.1517925214877512,0.9335996409335728,0.0736086175942549,0.0,-0.4931560561686195,0.3522851436194889,0.9553838911026556,8.0
burst,1006,1,142,PPO,1114.0,144.58403803982122,0.1314907183245288,0.9339982046678637,0.0691202872531418,0.0,-0.4712353385237497,0.30516804211151,0.9073747045124748,8.0
burst,1006,1,142,PPO-stochastic,1114.0,146.03800042513998,0.1391218920736032,0.9339587073608618,0.0763016157989228,0.0,-0.4872063884330871,0.3228787245208203,0.8832509143351572,8.0
burst,1006,2,242,PPO,1114.0,143.59644837609724,0.1521898934294461,0.9340987432675047,0.0691202872531418,0.0,-0.4799062799208938,0.3532073776675059,1.0385019011574812,8.0
burst,1006,2,242,PPO-stochastic,1114.0,148.30768105382413,0.1600235957478115,0.9340484739676842,0.0816876122082585,0.0,-0.5085882260704767,0.3713880951313787,0.9995776320902942,8.0
burst,1006,0,123,DQN,1114.0,141.85290085053182,0.1552889625653097,0.9329317773788152,0.0556552962298025,0.0,-0.4731283531693422,0.3603998006203225,,9.0
burst,1006,1,223,DQN,1114.0,141.15074209177266,0.1590005046595623,0.9328491921005384,0.0610412926391382,0.0,-0.4813586851754198,0.3690136712307339,,8.0
burst,1006,2,323,DQN,1114.0,144.70805509176574,0.1446677291857062,0.9338294434470378,0.0637342908438061,0.0,-0.4736656774843011,0.3357496881518262,,7.0
burst,1007,-1,-1,Local-only,1132.0,2052.176360559208,0.419191394042946,0.9350000000000004,0.8595406360424028,0.1554770318021201,-3.583549633318983,0.9885930376179476,,1.0
burst,1007,-1,-1,Edge-only,1132.0,530.1411076002267,0.0942953971535003,0.9350000000000004,0.7084805653710248,0.0,-1.8552185350332568,0.222379978287005,,3.0
burst,1007,-1,-1,Cloud-only,1132.0,1385.8442504295858,0.113319819696631,0.9350000000000004,0.7985865724381626,0.0,-2.493101004256961,0.2672459081178878,,1.0
burst,1007,-1,-1,Static-rule,1132.0,3049.4711595965605,0.1997475124974781,0.9310989399293288,0.877208480565371,0.0,-2.895536360898374,0.4710712169732196,,2.0
burst,1007,-1,-1,Greedy-myopic,1132.0,139.49923698879232,0.1227182597986577,0.9341908127208484,0.0273851590106007,0.0,-0.4018445052496799,0.2894105626918348,,8.0
burst,1007,-1,-1,Best-constant,1132.0,1385.8442504295858,0.113319819696631,0.9350000000000004,0.7985865724381626,0.0,-2.493101004256961,0.2672459081178878,,1.0
burst,1007,0,42,PPO,1132.0,143.58866530207058,0.1452123142585794,0.933678445229682,0.0468197879858657,0.0,-0.4469507834714039,0.3424590411264833,0.9915726320824648,8.0
burst,1007,0,42,PPO-stochastic,1132.0,146.55676064210223,0.1496882969579519,0.9337067137809189,0.0609540636042402,0.0,-0.4716805753328603,0.3530149003258367,0.9573864465770262,8.0
burst,1007,1,142,PPO,1132.0,145.46976037922624,0.1332881162962517,0.9340600706713784,0.0468197879858657,0.0,-0.4415685569784905,0.3143378075986603,0.9121396657977872,8.0
burst,1007,1,142,PPO-stochastic,1132.0,147.4942243226475,0.138672202919283,0.9340494699646644,0.053886925795053,0.0,-0.4563584690481593,0.3270352785513092,0.8886584263943241,8.0
burst,1007,2,242,PPO,1132.0,145.5801958310226,0.1572025256550026,0.934166077738516,0.0468197879858657,0.0,-0.4532041760142091,0.3707359563363813,1.0176653126682491,8.0
burst,1007,2,242,PPO-stochastic,1132.0,148.64530256607193,0.1632808535046932,0.934010600706714,0.0556537102473498,0.0,-0.474888791351103,0.3850706795152347,0.9803749553615708,9.0
burst,1007,0,123,DQN,1132.0,142.2085439133744,0.1519185611215937,0.9330000000000002,0.0468197879858657,0.0,-0.4524440109827548,0.3582746066450918,,8.0
burst,1007,1,223,DQN,1132.0,142.92760580680294,0.1561379760403716,0.9328869257950532,0.0468197879858657,0.0,-0.4601321802797121,0.3682253934952098,,9.0
burst,1007,2,323,DQN,1132.0,146.12233636393142,0.1448279208406102,0.93386925795053,0.0547703180212014,0.0,-0.4577652384048576,0.3415525133157723,,7.0
burst,1008,-1,-1,Local-only,1146.0,1990.2041239832083,0.4147429487427113,0.9350000000000004,0.87521815008726,0.1675392670157068,-3.642349321230526,0.990198790123223,,1.0
burst,1008,-1,-1,Edge-only,1146.0,413.50161847520616,0.0941881101182334,0.9350000000000002,0.7033158813263525,0.0,-1.6923326908963447,0.2248741129072824,,3.0
burst,1008,-1,-1,Cloud-only,1146.0,1358.771260811191,0.1125174462268915,0.9350000000000002,0.837696335078534,0.0,-2.589879793550912,0.2686354028667035,,1.0
burst,1008,-1,-1,Static-rule,1146.0,3351.475153912209,0.2020773938745443,0.9310698080279232,0.9109947643979056,0.0,-2.9854432367868813,0.4824597778754746,,2.0
burst,1008,-1,-1,Greedy-myopic,1146.0,139.15204044252806,0.1226999090141159,0.93421815008726,0.0383944153577661,0.0,-0.4206187742838304,0.2929460327712019,,8.0
burst,1008,-1,-1,Best-constant,1146.0,1358.771260811191,0.1125174462268915,0.9350000000000002,0.837696335078534,0.0,-2.589879793550912,0.2686354028667035,,1.0
burst,1008,0,42,PPO,1146.0,142.8599227450973,0.1434437136877918,0.9336247818499128,0.0619546247818499,0.0,-0.4695738466800056,0.3424718664296031,0.9835931749699108,8.0
burst,1008,0,42,PPO-stochastic,1146.0,145.64009920538066,0.1496632660367425,0.9336422338568936,0.0802792321116928,0.0,-0.4988748808956841,0.3573210476627231,0.9514538875438052,8.0
burst,1008,1,142,PPO,1146.0,144.9432202834288,0.1329514464498248,0.933994764397906,0.0663176265270506,0.0,-0.4697747076885821,0.3174215783989567,0.905714957865953,7.0
burst,1008,1,142,PPO-stochastic,1146.0,146.00773757249812,0.1385091750584665,0.9340226876090748,0.0671902268760907,0.0,-0.4765709153983392,0.3306906554520894,0.8639672902407837,8.0
burst,1008,2,242,PPO,1146.0,144.8115901778499,0.1558682124394533,0.9340924956369984,0.0671902268760907,0.0,-0.4820644006742365,0.3721353571991947,1.031105353163773,8.0
burst,1008,2,242,PPO-stochastic,1146.0,151.2969627556291,0.1543275126633224,0.9340226876090753,0.0890052356020942,0.0,-0.5182915172640165,0.3684569364836823,1.0000849046385205,8.0
burst,1008,0,123,DQN,1146.0,142.1433015073881,0.1530430666631363,0.932958115183246,0.0645724258289703,0.0,-0.4812126312043844,0.3653903216582381,,9.0
burst,1008,1,223,DQN,1146.0,141.90773211719056,0.1584314089053525,0.9329127399650962,0.0680628272251308,0.0,-0.488969964452541,0.3782549887615291,,8.0
burst,1008,2,323,DQN,1146.0,143.50560993384977,0.1471697567742724,0.9337643979057592,0.0663176265270506,0.0,-0.4751399327484374,0.3513677942985755,,7.0
burst,1009,-1,-1,Local-only,1072.0,1735.5262954385255,0.4356798963527971,0.9350000000000004,0.8423507462686567,0.1343283582089552,-3.406894846828195,0.9730184351879136,,1.0
burst,1009,-1,-1,Edge-only,1072.0,274.9260350893655,0.0933646902160138,0.9350000000000004,0.4888059701492537,0.0,-1.1622208879159888,0.2085144748157644,,3.0
burst,1009,-1,-1,Cloud-only,1072.0,991.791829009594,0.112007597739936,0.9350000000000004,0.7863805970149254,0.0,-2.3794792821104003,0.2501503016191899,,1.0
burst,1009,-1,-1,Static-rule,1072.0,2626.6313768699497,0.2030527075493673,0.9310746268656718,0.8796641791044776,0.0,-2.8882302805962623,0.4534843801935868,,2.0
burst,1009,-1,-1,Greedy-myopic,1072.0,139.26607570096198,0.1221119988097592,0.934231343283582,0.0326492537313432,0.0,-0.4083515969340267,0.2727167973417953,,8.0
burst,1009,-1,-1,Best-constant,1072.0,991.791829009594,0.112007597739936,0.9350000000000004,0.7863805970149254,0.0,-2.3794792821104003,0.2501503016191899,,1.0
burst,1009,0,42,PPO,1072.0,143.5494075686841,0.1421138209100949,0.9337649253731344,0.0578358208955223,0.0,-0.457634408002552,0.3173875333658787,0.9937394156829634,8.0
burst,1009,0,42,PPO-stochastic,1072.0,145.194540270626,0.1466645581075908,0.9337947761194032,0.0634328358208955,0.0,-0.4697835067443278,0.3275508464402861,0.952789561885562,8.0
burst,1009,1,142,PPO,1072.0,145.00437640297832,0.1294655814749126,0.9340410447761196,0.0587686567164179,0.0,-0.4532468431379482,0.2891397986273045,0.8987525426296156,8.0
burst,1009,1,142,PPO-stochastic,1072.0,146.17532076706962,0.1386274516651928,0.9340447761194032,0.0615671641791044,0.0,-0.4637550339457793,0.3096013087189304,0.8567083467574749,9.0
burst,1009,2,242,PPO,1072.0,145.6450086315698,0.1537399150301651,0.9342462686567166,0.0680970149253731,0.0,-0.4744606572364331,0.3433524769007021,1.01416978895414,8.0
burst,1009,2,242,PPO-stochastic,1072.0,148.4045122154659,0.1575475124976511,0.934082089552239,0.0783582089552238,0.0,-0.494958140823307,0.3518561112447543,0.970197263344038,8.0
burst,1009,0,123,DQN,1072.0,142.05760982609155,0.1501189029639011,0.9330261194029852,0.0550373134328358,0.0,-0.4614222476041029,0.3352655499527124,,9.0
burst,1009,1,223,DQN,1072.0,143.0256288645799,0.155292485524059,0.9329067164179106,0.0513059701492537,0.0,-0.4647345080523533,0.3468198843370649,,8.0
burst,1009,2,323,DQN,1072.0,145.66443901311982,0.1451079998747509,0.9339813432835824,0.0559701492537313,0.0,-0.4584877276136513,0.3240745330536104,,7.0
burst,1010,-1,-1,Local-only,1139.0,1849.6154199664825,0.4145548385131723,0.9350000000000004,0.8568920105355575,0.1650570676031606,-3.612156317259216,0.9837040855552152,,1.0
burst,1010,-1,-1,Edge-only,1139.0,525.683846263924,0.0947769735425419,0.9350000000000004,0.6409130816505707,0.0,-1.7479082210279957,0.2248978601353234,,3.0
burst,1010,-1,-1,Cloud-only,1139.0,1379.6942876534304,0.1134073799593624,0.9350000000000004,0.8129938542581212,0.0,-2.490571492707521,0.2691062620285703,,1.0
burst,1010,-1,-1,Static-rule,1139.0,3194.3616159840426,0.2016758571444872,0.931070237050044,0.8902546093064091,0.0,-2.9203445985297862,0.4785600026824395,,2.0
burst,1010,-1,-1,Greedy-myopic,1139.0,138.38946374514154,0.1237461238101162,0.9341466198419668,0.0298507462686567,0.0,-0.4083868864996325,0.2936392396244217,,8.0
burst,1010,-1,-1,Best-constant,1139.0,1379.6942876534304,0.1134073799593624,0.9350000000000004,0.8129938542581212,0.0,-2.490571492707521,0.2691062620285703,,1.0
burst,1010,0,42,PPO,1139.0,142.53997645095274,0.1443450435136442,0.9335987708516243,0.0561896400351185,0.0,-0.460589928696703,0.3425187595042517,0.9908515175868274,8.0
burst,1010,0,42,PPO-stochastic,1139.0,145.74163673063762,0.1499828488440741,0.9336549604916592,0.0632133450395083,0.0,-0.4780300427731281,0.3558968017362511,0.9479195018028276,8.0
burst,1010,1,142,PPO,1139.0,144.28073676493867,0.1344299094935687,0.9340026338893768,0.054433713784021,0.0,-0.4538714702178642,0.3189909727357811,0.8944866306870469,8.0
burst,1010,1,142,PPO-stochastic,1139.0,146.22078025304955,0.1368082080068064,0.9339218612818262,0.0605794556628621,0.0,-0.4663169741092043,0.3246344769161513,0.8802888695799841,8.0
burst,1010,2,242,PPO,1139.0,144.69758864429895,0.1566908044126674,0.934097453906936,0.0561896400351185,0.0,-0.4671831499481118,0.3718142213042257,1.0280706104090644,8.0
burst,1010,2,242,PPO-stochastic,1139.0,146.8444794300616,0.1585928797234943,0.9340201931518878,0.0605794556628621,0.0,-0.4788802537792873,0.3763276875105418,0.9882384441511688,9.0
burst,1010,0,123,DQN,1139.0,141.99385566994155,0.1540646897695098,0.9329982440737492,0.0465320456540825,0.0,-0.4584691827968568,0.3655826700988994,,8.0
burst,1010,1,223,DQN,1139.0,143.2148695835684,0.1592489719775615,0.932836698858648,0.0517998244073748,0.0,-0.4737849919025871,0.3778845397550889,,8.0
burst,1010,2,323,DQN,1139.0,143.99936103529646,0.1483883403520585,0.9338797190518,0.0482879719051799,0.0,-0.453503122901122,0.3521131659604058,,8.0
burst,1011,-1,-1,Local-only,1042.0,1692.5565553096849,0.4475807802851074,0.9350000000000004,0.8531669865642995,0.109404990403071,-3.356371630208348,0.971623277202254,,1.0
burst,1011,-1,-1,Edge-only,1042.0,342.9511352783041,0.093608350910568,0.9350000000000004,0.5796545105566219,0.0,-1.4085030318471463,0.2032081284350251,,3.0
burst,1011,-1,-1,Cloud-only,1042.0,1005.778835174404,0.1123905494224142,0.9350000000000004,0.8157389635316699,0.0,-2.372758491122815,0.243981151037824,,1.0
burst,1011,-1,-1,Static-rule,1042.0,2651.217478373429,0.2029027112176904,0.9310767754318622,0.8819577735124761,0.0,-2.871909863014757,0.4404679689350697,,2.0
burst,1011,-1,-1,Greedy-myopic,1042.0,139.22013294550413,0.1224094783047275,0.9342015355086376,0.0335892514395393,0.0,-0.4134713535545588,0.2657305758198462,,8.0
burst,1011,-1,-1,Best-constant,1042.0,1005.778835174404,0.1123905494224142,0.9350000000000004,0.8157389635316699,0.0,-2.372758491122815,0.243981151037824,,1.0
burst,1011,0,42,PPO,1042.0,143.55643164594431,0.1437552441658985,0.9336372360844531,0.0604606525911708,0.0,-0.4666115945811817,0.312068675876805,0.9998581960668604,8.0
burst,1011,0,42,PPO-stochastic,1042.0,146.92406821153685,0.1494063725005685,0.9337293666026872,0.0758157389635316,0.0,-0.4923015855294492,0.3243363336366511,0.9660780481608038,8.0
burst,1011,1,142,PPO,1042.0,145.72748885809253,0.132642163086727,0.9340211132437622,0.0566218809980806,0.0,-0.4582909128392759,0.2879440290341035,0.9205228590894484,8.0
burst,1011,1,142,PPO-stochastic,1042.0,148.5564873296677,0.1373514608894183,0.9340287907869484,0.0738963531669865,0.0,-0.4843186734666166,0.2981671296807797,0.8913075313304556,8.0
burst,1011,2,242,PPO,1042.0,145.05849958408007,0.1573340088021767,0.9341785028790788,0.0633397312859884,0.0,-0.4743887271600552,0.3415459107747257,1.0292964292700884,8.0
burst,1011,2,242,PPO-stochastic,1042.0,148.27148610289817,0.1600311772722796,0.9340249520153552,0.0767754318618042,0.0,-0.4997335278173262,0.3474010139952405,0.983823424151557,8.0
burst,1011,0,123,DQN,1042.0,141.8065926292028,0.155022009080656,0.9330652591170828,0.0527831094049904,0.0,-0.465234028658687,0.3365269447125905,,9.0
burst,1011,1,223,DQN,1042.0,143.11693005013362,0.1584522234869924,0.9328541266794628,0.0623800383877159,0.0,-0.4828961073186616,0.3439733684863463,,8.0
burst,1011,2,323,DQN,1042.0,143.76538694104357,0.1467605259644969,0.9338675623800388,0.0595009596928982,0.0,-0.4640090197108051,0.3185926417812621,,7.0
burst,1012,-1,-1,Local-only,1120.0,2022.0660934225093,0.4236927181016254,0.9350000000000004,0.8455357142857143,0.1553571428571428,-3.475432023749855,0.9886163422371256,,1.0
burst,1012,-1,-1,Edge-only,1120.0,407.7981436852295,0.0948120418223655,0.9350000000000004,0.5455357142857142,0.0,-1.457455480255687,0.2212280975855195,,3.0
burst,1012,-1,-1,Cloud-only,1120.0,1168.2813307054737,0.1140374423393257,0.9350000000000004,0.7991071428571429,0.0,-2.3897285218035256,0.2660873654584265,,1.0
burst,1012,-1,-1,Static-rule,1120.0,3048.421339038338,0.2036023610010491,0.9310464285714284,0.9,0.0,-2.9439144692167147,0.4750721756691147,,2.0
burst,1012,-1,-1,Greedy-myopic,1120.0,139.24774338507316,0.1235482220308899,0.9341892857142858,0.0339285714285714,0.0,-0.4138236599078507,0.2882791847387433,,8.0
burst,1012,-1,-1,Best-constant,1120.0,1168.2813307054737,0.1140374423393257,0.9350000000000004,0.7991071428571429,0.0,-2.3897285218035256,0.2660873654584265,,1.0
burst,1012,0,42,PPO,1120.0,143.16994592385464,0.145681471002286,0.9336607142857144,0.0535714285714285,0.0,-0.4588183810538171,0.3399234323386675,0.9791014044612114,8.0
burst,1012,0,42,PPO-stochastic,1120.0,146.0180688336468,0.1526542570709237,0.9336357142857143,0.0616071428571428,0.0,-0.4781557583449766,0.3561932664988222,0.9508853632690653,9.0
burst,1012,1,142,PPO,1120.0,144.45353816157964,0.132447437867974,0.933982142857143,0.05625,0.0,-0.454606310461501,0.3090440216919394,0.9009957889460826,8.0
burst,1012,1,142,PPO-stochastic,1120.0,146.46967518766007,0.1413440547373573,0.9340035714285716,0.0580357142857142,0.0,-0.4657080156167225,0.3298027943871668,0.8745888301133943,8.0
burst,1012,2,242,PPO,1120.0,145.07469337751047,0.1591608142049277,0.9341607142857145,0.0544642857142857,0.0,-0.4663999724413601,0.3713752331448313,1.0181682179116511,8.0
burst,1012,2,242,PPO-stochastic,1120.0,146.8950488450481,0.1556620708647697,0.9340000000000002,0.0598214285714285,0.0,-0.4758337597661129,0.3632114986844631,0.979148968791456,8.0
burst,1012,0,123,DQN,1120.0,141.4615791335478,0.1539217859625619,0.9329357142857144,0.05625,0.0,-0.4680153659901207,0.3591508339126443,,9.0
burst,1012,1,223,DQN,1120.0,143.374080466302,0.1581142050164868,0.9328642857142856,0.0482142857142857,0.0,-0.4682964247737784,0.3689331450384691,,9.0
burst,1012,2,323,DQN,1120.0,144.7652263501243,0.1436888043252596,0.9338321428571432,0.0491071428571428,0.0,-0.4535464533658884,0.3352738767589392,,7.0
burst,1013,-1,-1,Local-only,1161.0,2038.5979777973864,0.4115207610005255,0.9350000000000004,0.8639104220499569,0.1688199827734711,-3.662211010325704,0.9953658406700212,,1.0
burst,1013,-1,-1,Edge-only,1161.0,545.6389789859965,0.0935245042306416,0.9350000000000004,0.7174849267872524,0.0,-1.9626818946787457,0.2262123946078644,,3.0
burst,1013,-1,-1,Cloud-only,1161.0,1447.204132289361,0.1128026488528614,0.9350000000000004,0.8165374677002584,0.0,-2.552441952242434,0.2728414069128584,,1.0
burst,1013,-1,-1,Static-rule,1161.0,3302.0571831115376,0.2015912131988307,0.9310654608096468,0.8785529715762274,0.0,-2.912577706519566,0.4875987469246716,,2.0
burst,1013,-1,-1,Greedy-myopic,1161.0,138.4853981964885,0.1246843587325309,0.9341869078380708,0.0301464254952627,0.0,-0.4102704548657394,0.3015802926843096,,9.0
burst,1013,-1,-1,Best-constant,1161.0,1447.204132289361,0.1128026488528614,0.9350000000000004,0.8165374677002584,0.0,-2.552441952242434,0.2728414069128584,,1.0
burst,1013,0,42,PPO,1161.0,144.26923894693417,0.1427213231057914,0.9336563307493542,0.0611541774332472,0.0,-0.4700415215893954,0.345207200262133,1.0003678482459035,8.0
burst,1013,0,42,PPO-stochastic,1161.0,147.39880761171943,0.150675648880953,0.9336563307493542,0.0732127476313522,0.0,-0.4943846718190471,0.3644467257308054,0.9708392651307234,8.0
burst,1013,1,142,PPO,1161.0,144.7305882260249,0.1336765575742506,0.9340008613264428,0.0602928509905254,0.0,-0.4621237954030288,0.3233301736327184,0.9041214228545948,8.0
burst,1013,1,142,PPO-stochastic,1161.0,146.92954107309745,0.1401520869744825,0.9340353143841518,0.0714900947459087,0.0,-0.4818786061646296,0.3389928603695298,0.8887719599743479,8.0
burst,1013,2,242,PPO,1161.0,147.4479208194012,0.1563819540382887,0.9341834625322998,0.0611541774332472,0.0,-0.4792941743537633,0.3782488513301113,1.0342620167653434,8.0
burst,1013,2,242,PPO-stochastic,1161.0,149.24609899180285,0.1557746336573848,0.9340215331610682,0.0680447889750215,0.0,-0.4927979492182635,0.3767798951587997,0.9983528307338247,8.0
burst,1013,0,123,DQN,1161.0,142.10550591969482,0.1518910404809747,0.933080964685616,0.0465116279069767,0.0,-0.4589579264591492,0.3673864541633576,,9.0
burst,1013,1,223,DQN,1161.0,141.81551083851645,0.1591989217388223,0.9329155900086132,0.053402239448751,0.0,-0.4728608900200816,0.3850623919557765,,8.0
burst,1013,2,323,DQN,1161.0,144.85860482786313,0.1452973044612523,0.9338699397071492,0.0551248923341946,0.0,-0.4636167867644516,0.3514378551656536,,7.0
burst,1014,-1,-1,Local-only,1092.0,1918.8958113148185,0.4314386406753445,0.9350000000000004,0.8443223443223443,0.1391941391941392,-3.4519598313446727,0.9815229075364093,,1.0
burst,1014,-1,-1,Edge-only,1092.0,478.6584040285541,0.0935634696594877,0.9350000000000002,0.6126373626373627,0.0,-1.6776179190878375,0.2128568934753347,,3.0
burst,1014,-1,-1,Cloud-only,1092.0,1275.813194159048,0.1126208460065223,0.9350000000000002,0.804945054945055,0.0,-2.4413505151868478,0.2562124246648382,,1.0
burst,1014,-1,-1,Static-rule,1092.0,3053.736513523826,0.2032263444769441,0.9310512820512822,0.8891941391941391,0.0,-2.9051202007171395,0.4623399336850482,,2.0
burst,1014,-1,-1,Greedy-myopic,1092.0,138.88322337968592,0.1221480410253706,0.9341758241758245,0.0302197802197802,0.0,-0.4082064365815229,0.277886793332718,,8.0
burst,1014,-1,-1,Best-constant,1092.0,1275.813194159048,0.1126208460065223,0.9350000000000002,0.804945054945055,0.0,-2.4413505151868478,0.2562124246648382,,1.0
burst,1014,0,42,PPO,1092.0,144.05735447436345,0.1432174112019695,0.9337032967032968,0.0631868131868131,0.0,-0.4687724172346883,0.3258196104844808,0.982885788955586,8.0
burst,1014,0,42,PPO-stochastic,1092.0,146.77534994434717,0.1507289900936177,0.9336849816849816,0.0732600732600732,0.0,-0.4892632197223694,0.3429084524629808,0.9547130194912244,9.0
burst,1014,1,142,PPO,1092.0,145.0929858989815,0.1324899933379868,0.934047619047619,0.0586080586080586,0.0,-0.4572568128069674,0.3014147348439201,0.9034734729049734,8.0
burst,1014,1,142,PPO-stochastic,1092.0,146.47308659553445,0.1391537841872456,0.9340622710622712,0.0668498168498168,0.0,-0.4721373672977822,0.3165748590259836,0.8723966368992605,8.0
burst,1014,2,242,PPO,1092.0,145.1512979060185,0.1552396136196895,0.9341831501831503,0.0613553113553113,0.0,-0.4697635083365165,0.3531701209847938,1.0168512518800823,8.0
burst,1014,2,242,PPO-stochastic,1092.0,149.67033039054965,0.1577953092470709,0.9341282051282052,0.0778388278388278,0.0,-0.500257280693923,0.3589843285370865,0.9945496225272452,8.0
burst,1014,0,123,DQN,1092.0,141.7091462129858,0.1545403393366924,0.933,0.0576923076923076,0.0,-0.4685628349430153,0.3515792719909757,,9.0
burst,1014,1,223,DQN,1092.0,142.79803106403332,0.155584908803265,0.932934065934066,0.0558608058608058,0.0,-0.4722149175840408,0.3539556675274279,,8.0
burst,1014,2,323,DQN,1092.0,145.55157372687975,0.1407188680554862,0.933912087912088,0.0613553113553113,0.0,-0.4652745531907764,0.3201354248262311,,7.0
burst,1015,-1,-1,Local-only,1141.0,1919.532180148807,0.4170234204765913,0.9350000000000004,0.866783523225241,0.1542506573181419,-3.580807328521047,0.9912994224245631,,1.0
burst,1015,-1,-1,Edge-only,1141.0,478.75239373463626,0.0941762343300415,0.9350000000000004,0.6801051709027169,0.0,-1.7718916202987216,0.2238647570220362,,3.0
burst,1015,-1,-1,Cloud-only,1141.0,1348.0497546583708,0.1129907408868157,0.9350000000000004,0.8255915863277826,0.0,-2.5439195665835848,0.2685884069830353,,1.0
burst,1015,-1,-1,Static-rule,1141.0,3232.372222178331,0.2010140949771796,0.9310560911481156,0.8992112182296231,0.0,-2.955234109037778,0.4778272549353373,,2.0
burst,1015,-1,-1,Greedy-myopic,1141.0,137.72606760980494,0.1224311834991812,0.934144609991236,0.0254163014899211,0.0,-0.4001334589141734,0.2910291257761791,,8.0
burst,1015,-1,-1,Best-constant,1141.0,1348.0497546583708,0.1129907408868157,0.9350000000000004,0.8255915863277826,0.0,-2.5439195665835848,0.2685884069830353,,1.0
burst,1015,0,42,PPO,1141.0,142.68904020897708,0.1444113823893423,0.9336853637160386,0.0534618755477651,0.0,-0.4555452185654725,0.3432778902213322,0.9869344305119736,8.0
burst,1015,0,42,PPO-stochastic,1141.0,144.39854390208498,0.1524255197580975,0.9336853637160386,0.0578439964943032,0.0,-0.4693119948974765,0.3623281625916444,0.9568756519833956,8.0
burst,1015,1,142,PPO,1141.0,143.70889614387997,0.1338415418348612,0.9339973707274324,0.0560911481156879,0.0,-0.4522421991976063,0.3181524984032849,0.9006757144632567,8.0
burst,1015,1,142,PPO-stochastic,1141.0,144.76731419445687,0.1364854738834369,0.9339623137598598,0.0613496932515337,0.0,-0.4628853879552953,0.3244373452104198,0.8670412148173496,9.0
burst,1015,2,242,PPO,1141.0,143.67177794329618,0.1552538573287562,0.934144609991236,0.0534618755477651,0.0,-0.4587705597776493,0.3690513566918975,1.01534950847784,8.0
burst,1015,2,242,PPO-stochastic,1141.0,147.27631371218283,0.1593438834770539,0.933979842243646,0.0692375109553023,0.0,-0.4878723379037848,0.3787736896819134,0.9846627274487334,9.0
burst,1015,0,123,DQN,1141.0,141.2691169905435,0.1521373260112794,0.9330403155127084,0.0517090271691498,0.0,-0.4601860272327027,0.3616431020393122,,9.0
burst,1015,1,223,DQN,1141.0,142.80238103031652,0.1541349566784427,0.9328439964943032,0.0499561787905346,0.0,-0.4658336070134606,0.366391636604382,,9.0
burst,1015,2,323,DQN,1141.0,143.89626905149711,0.1446701245699766,0.9338150744960564,0.0517090271691498,0.0,-0.4549431123422772,0.343892941946549,,7.0
burst,1016,-1,-1,Local-only,1093.0,1688.0708441447673,0.4290532763872879,0.9350000000000004,0.827996340347667,0.1390667886550777,-3.354513413002572,0.9769900647735534,,1.0
burst,1016,-1,-1,Edge-only,1093.0,403.7989639609455,0.0926960095847568,0.9350000000000004,0.57548032936871,0.0,-1.5308205320505204,0.2110765384919564,,3.0
burst,1016,-1,-1,Cloud-only,1093.0,977.827628391964,0.111130814055622,0.9350000000000004,0.7520585544373285,0.0,-2.2188733043784663,0.2530541245058224,,1.0
burst,1016,-1,-1,Static-rule,1093.0,2575.4041340001468,0.2009493274740959,0.9310951509606588,0.8764867337602927,0.0,-2.837215843204225,0.4575783644358057,,2.0
burst,1016,-1,-1,Greedy-myopic,1093.0,137.06615340192442,0.122554656096496,0.934205855443733,0.031107044830741,0.0,-0.4085036246104203,0.2790671648197292,,8.0
burst,1016,-1,-1,Best-constant,1093.0,977.827628391964,0.111130814055622,0.9350000000000004,0.7520585544373285,0.0,-2.2188733043784663,0.2530541245058224,,1.0
burst,1016,0,42,PPO,1093.0,140.2231971705302,0.1402109100228547,0.9335983531564503,0.0567246111619396,0.0,-0.456534590356571,0.3192719263645422,0.964334620307698,8.0
burst,1016,0,42,PPO-stochastic,1093.0,144.03282370271216,0.1490757689817547,0.933667886550778,0.0603842634949679,0.0,-0.473277858508762,0.339457948952204,0.9400682463178588,8.0
burst,1016,1,142,PPO,1093.0,142.4756412872742,0.1320935965305212,0.933946020128088,0.0585544373284538,0.0,-0.4562185556129207,0.3007881270997077,0.87556827900299,8.0
burst,1016,1,142,PPO-stochastic,1093.0,144.39829483709516,0.1363260921243376,0.9339862763037512,0.0640439158279963,0.0,-0.4678413932785742,0.3104258722747937,0.8522043717174713,8.0
burst,1016,2,242,PPO,1093.0,142.75633371338287,0.1517335479287358,0.9341107044830744,0.0576395242451967,0.0,-0.4642687064271064,0.345509933096059,1.0224251617887974,8.0
burst,1016,2,242,PPO-stochastic,1093.0,147.03290254621217,0.1565278054895124,0.933967978042086,0.0759377859103385,0.0,-0.4967941698084856,0.3564268570834102,0.97338037501615,9.0
burst,1016,0,123,DQN,1093.0,141.31767900663738,0.1514536892788158,0.9330457456541628,0.051235132662397,0.0,-0.4633960652931113,0.3448726716286373,,9.0
burst,1016,1,223,DQN,1093.0,141.06638900805785,0.1529222082012298,0.9329176578225068,0.0503202195791399,0.0,-0.4650590544800714,0.3482166115915504,,9.0
burst,1016,2,323,DQN,1093.0,144.20659827983843,0.1405182630604502,0.9339021043000916,0.0539798719121683,0.0,-0.4585912623500274,0.3199717948439001,,7.0
burst,1017,-1,-1,Local-only,1098.0,1651.9298411152472,0.4291693272682628,0.9350000000000004,0.843351548269581,0.1411657559198542,-3.423693292919627,0.981724836126151,,1.0
burst,1017,-1,-1,Edge-only,1098.0,382.4982224191624,0.0949786813582731,0.9350000000000004,0.6010928961748634,0.0,-1.5211090930821918,0.2172637336070497,,3.0
burst,1017,-1,-1,Cloud-only,1098.0,951.5137140735392,0.1135596669369206,0.9350000000000004,0.7814207650273224,0.0,-2.2791707517864244,0.2597677381182057,,1.0
burst,1017,-1,-1,Static-rule,1098.0,2580.633053711033,0.2023849153169276,0.9310801457194902,0.8879781420765027,0.0,-2.888880745862094,0.4629554937874717,,2.0
burst,1017,-1,-1,Greedy-myopic,1098.0,138.89231568060478,0.1247292699686759,0.9341402550091076,0.0318761384335154,0.0,-0.413595789952064,0.2853182050533461,,8.0
burst,1017,-1,-1,Best-constant,1098.0,951.5137140735392,0.1135596669369206,0.9350000000000004,0.7814207650273224,0.0,-2.2791707517864244,0.2597677381182057,,1.0
burst,1017,0,42,PPO,1098.0,142.4303976785377,0.144846536662316,0.9336448087431696,0.0619307832422586,0.0,-0.4672387625926211,0.3313364526150478,0.9998728324827112,7.0
burst,1017,0,42,PPO-stochastic,1098.0,146.38597400651668,0.1498700993480558,0.9335901639344264,0.0646630236794171,0.0,-0.4820745902420368,0.3428278522586775,0.9506625956728484,8.0
burst,1017,1,142,PPO,1098.0,145.2339179251786,0.132462967184109,0.933994535519126,0.058287795992714,0.0,-0.4596107627673624,0.3030090374336491,0.8983279620933402,7.0
burst,1017,1,142,PPO-stochastic,1098.0,145.9218741593712,0.1369616270163113,0.9338852459016396,0.0664845173041894,0.0,-0.4738906521619737,0.3132997217998123,0.879095189578709,8.0
burst,1017,2,242,PPO,1098.0,145.75691701175884,0.1542182785400284,0.9341111111111112,0.0619307832422586,0.0,-0.4748311038208156,0.3527743121603148,1.02418690558204,8.0
burst,1017,2,242,PPO-stochastic,1098.0,149.26125254277986,0.1603135006899776,0.934089253187614,0.0810564663023679,0.0,-0.5071328702688092,0.3667171328283243,0.9834494761145506,8.0
burst,1017,0,123,DQN,1098.0,141.72149460805954,0.154489569194764,0.9329817850637524,0.0510018214936247,0.0,-0.4645453852627694,0.3533948895330226,,8.0
burst,1017,1,223,DQN,1098.0,142.0613669477369,0.1598391983281502,0.9328360655737704,0.0591985428051001,0.0,-0.4799259716040688,0.3656321661756436,,8.0
burst,1017,2,323,DQN,1098.0,143.95963463032834,0.1451195889371761,0.9338378870673956,0.052823315118397,0.0,-0.4576631172834202,0.3319610596937903,,7.0
burst,1018,-1,-1,Local-only,1101.0,1602.9996103400997,0.4275598571238983,0.9350000000000004,0.8083560399636693,0.1407811080835604,-3.3631577068611938,0.9807154222779418,,1.0
burst,1018,-1,-1,Edge-only,1101.0,396.2572746955954,0.0932490474525817,0.9350000000000004,0.6085376930063578,0.0,-1.5556852741597291,0.2138900025943593,,3.0
burst,1018,-1,-1,Cloud-only,1101.0,1071.4025883038018,0.1121065527281657,0.9350000000000004,0.7602179836512262,0.0,-2.298016267433364,0.257144405320231,,1.0
burst,1018,-1,-1,Static-rule,1101.0,2725.524495988022,0.2023439725940872,0.9310726612170754,0.8646684831970936,0.0,-2.814277810585366,0.4641264871376878,,2.0
burst,1018,-1,-1,Greedy-myopic,1101.0,135.9735155421942,0.1227999835498307,0.9341353315168032,0.033605812897366,0.0,-0.4094152301398088,0.2816724622674242,,8.0
burst,1018,-1,-1,Best-constant,1101.0,1071.4025883038018,0.1121065527281657,0.9350000000000004,0.7602179836512262,0.0,-2.298016267433364,0.257144405320231,,1.0
burst,1018,0,42,PPO,1101.0,139.98990111775254,0.1421856712691017,0.9335867393278838,0.0535876475930971,0.0,-0.4546327447150161,0.3261383834735023,0.9689552448859116,8.0
burst,1018,0,42,PPO-stochastic,1101.0,142.61268960413074,0.150084162360083,0.933677565849228,0.0617620345140781,0.0,-0.4720940366514089,0.3442555474134405,0.9466653508722078,9.0
burst,1018,1,142,PPO,1101.0,141.7110087680428,0.1301198245872962,0.9339754768392372,0.0563124432334241,0.0,-0.4508284773630546,0.2984623476471111,0.8898308309138525,8.0
burst,1018,1,142,PPO-stochastic,1101.0,144.52999940363114,0.1365774926202291,0.9339427792915532,0.0681198910081744,0.0,-0.4737296763684105,0.3132746236976508,0.8667078068755655,9.0
burst,1018,2,242,PPO,1101.0,141.7437268904543,0.1546641988500652,0.9340808356039966,0.0572207084468664,0.0,-0.4633718539415487,0.3547610061123372,1.0104826455707443,8.0
burst,1018,2,242,PPO-stochastic,1101.0,144.90547367200836,0.1558646636299136,0.9340118074477748,0.064486830154405,0.0,-0.4797901097617259,0.3575145722011146,0.9846187810617398,8.0
burst,1018,0,123,DQN,1101.0,139.80684812733207,0.1524631842937012,0.9329800181653044,0.0563124432334241,0.0,-0.466119942822969,0.3497124289736774,,8.0
burst,1018,1,223,DQN,1101.0,140.5028428999924,0.1543518898814563,0.932827429609446,0.0635785649409627,0.0,-0.4798107946189859,0.3540446474155908,,8.0
burst,1018,2,323,DQN,1101.0,143.22666873326756,0.1443408742426062,0.9338156221616712,0.0626702997275204,0.0,-0.468278303417463,0.3310818802939781,,7.0
burst,1019,-1,-1,Local-only,1084.0,1991.0644553567183,0.4330731127680018,0.9350000000000004,0.8533210332103321,0.1337638376383763,-3.495344200055111,0.978023446334404,,1.0
burst,1019,-1,-1,Edge-only,1084.0,510.4492618962593,0.0938333649642039,0.9350000000000004,0.7047970479704797,0.0,-1.844232438155715,0.2119070158774939,,3.0
burst,1019,-1,-1,Cloud-only,1084.0,1382.482124959305,0.1130422794877886,0.9350000000000004,0.8284132841328413,0.0,-2.542726507738526,0.2552871478432562,,1.0
burst,1019,-1,-1,Static-rule,1084.0,3196.1790846823296,0.2032305162011471,0.9310516605166052,0.8865313653136532,0.0,-2.9056337082603747,0.458962249087591,,2.0
burst,1019,-1,-1,Greedy-myopic,1084.0,138.43486992748188,0.1245506186017776,0.9341918819188194,0.0350553505535055,0.0,-0.412916451727783,0.281276813675681,,8.0
burst,1019,-1,-1,Best-constant,1084.0,1382.482124959305,0.1130422794877886,0.9350000000000004,0.8284132841328413,0.0,-2.542726507738526,0.2552871478432562,,1.0
burst,1019,0,42,PPO,1084.0,143.31814737886208,0.1470064991726543,0.9337047970479708,0.0544280442804428,0.0,-0.4597923077784122,0.3319896772982442,0.977347043542212,8.0
burst,1019,0,42,PPO-stochastic,1084.0,146.4106715459909,0.1510093341769094,0.9336678966789668,0.066420664206642,0.0,-0.4817675234616057,0.3410294130161874,0.945974627581882,8.0
burst,1019,1,142,PPO,1084.0,144.77703401622202,0.1317405650037961,0.9340701107011072,0.062730627306273,0.0,-0.4598837143163631,0.2975141093002398,0.8914720147308581,8.0
burst,1019,1,142,PPO-stochastic,1084.0,146.99232112174622,0.1371720408043014,0.9339446494464946,0.070110701107011,0.0,-0.4772275157852457,0.309780192149714,0.8746906865823746,8.0
burst,1019,2,242,PPO,1084.0,145.48555282638085,0.1558101717840262,0.9341734317343175,0.0571955719557195,0.0,-0.4674747209303681,0.3518713046122594,1.0202688448048605,8.0
burst,1019,2,242,PPO-stochastic,1084.0,148.90811279783418,0.159135610886976,0.934040590405904,0.077490774907749,0.0,-0.4997240006413396,0.3593812545864214,0.974765298948228,9.0
burst,1019,0,123,DQN,1084.0,143.32331663516322,0.154137511904956,0.933018450184502,0.055350553505535,0.0,-0.470309451541968,0.3480938810520255,,8.0
burst,1019,1,223,DQN,1084.0,142.60925540821935,0.1580091582206414,0.9329335793357936,0.0525830258302583,0.0,-0.4692566900268943,0.3568373489816153,,9.0
burst,1019,2,323,DQN,1084.0,145.95359502185963,0.1469242795906815,0.9339298892988932,0.0618081180811808,0.0,-0.4702540788276969,0.3318039980756228,,7.0
fluctuation,1000,-1,-1,Local-only,762.0,175.23032016601957,0.5082036325788301,0.9350000000000004,0.1719160104986876,0.0065616797900262,-0.9893658697240514,0.8067732667188928,,1.0
fluctuation,1000,-1,-1,Edge-only,762.0,173.38812813435214,0.1118872850817919,0.9350000000000004,0.1627296587926509,0.0,-0.6001453856213517,0.1776210650673449,,3.0
fluctuation,1000,-1,-1,Cloud-only,762.0,223.04564990610643,0.152576184359887,0.9350000000000004,0.3661417322834646,0.0,-0.9333188808551992,0.2422146926713206,,1.0
fluctuation,1000,-1,-1,Static-rule,762.0,154.28074606242953,0.2827081458231021,0.9331469816272968,0.1167979002624672,0.0,-0.6197838324183507,0.4487991814941745,,3.0
fluctuation,1000,-1,-1,Greedy-myopic,762.0,133.36697981209835,0.1579278884141584,0.9340971128608926,0.0341207349081364,0.0,-0.4059379539082556,0.2507105228574766,,8.0
fluctuation,1000,-1,-1,Best-constant,762.0,181.1278050234848,0.2111108140302352,0.9310000000000004,0.1850393700787401,0.0,-0.726742583154319,0.3351384172729988,,1.0
fluctuation,1000,0,42,PPO,762.0,135.66243271007662,0.1717079177478622,0.9337296587926512,0.0459317585301837,0.0,-0.4329996941663614,0.2725863194247314,0.798510903927676,6.0
fluctuation,1000,0,42,PPO-stochastic,762.0,136.94732647654922,0.175019057691866,0.933708661417323,0.0459317585301837,0.0,-0.4367439984910453,0.2778427540858375,0.7798303230971176,7.0
fluctuation,1000,1,142,PPO,762.0,136.26794089826683,0.1741033879061161,0.933944881889764,0.0406824146981627,0.0,-0.4274315610204467,0.2763891283009593,0.7335589619003862,6.0
fluctuation,1000,1,142,PPO-stochastic,762.0,138.45159499555848,0.1779648448331085,0.9339028871391076,0.0511811023622047,0.0,-0.4453212117330667,0.2825191911725597,0.7246695689391345,7.0
fluctuation,1000,2,242,PPO,762.0,136.31783640767523,0.1865961150136564,0.9340971128608926,0.0446194225721784,0.0,-0.4371300876914473,0.2962213325841797,0.7930524445864864,7.0
fluctuation,1000,2,242,PPO-stochastic,762.0,138.32660589443896,0.1860368395276554,0.9340026246719162,0.0498687664041994,0.0,-0.4471344364343698,0.2953334827501532,0.7744313601546204,8.0
fluctuation,1000,0,123,DQN,762.0,136.6589534979671,0.1823528678348072,0.9328320209973756,0.0551181102362204,0.0,-0.4575475042067811,0.2894851776877569,,8.0
fluctuation,1000,1,223,DQN,762.0,139.5202340138621,0.1973738746596341,0.9325170603674544,0.0485564304461942,0.0,-0.4668648095252118,0.3133310260221695,,8.0
fluctuation,1000,2,323,DQN,762.0,143.7536776358333,0.1746820626774316,0.9338661417322836,0.0511811023622047,0.0,-0.4536240946211918,0.2773077745004231,,7.0
fluctuation,1001,-1,-1,Local-only,746.0,180.0202364352064,0.5147826313684648,0.9350000000000004,0.1876675603217158,0.0040214477211796,-1.0100367624471172,0.8000580062518228,,1.0
fluctuation,1001,-1,-1,Edge-only,746.0,174.07319473090791,0.1127450530118299,0.9350000000000004,0.1729222520107238,0.0,-0.6169709466025561,0.1752246032225526,,3.0
fluctuation,1001,-1,-1,Cloud-only,746.0,221.42257332590327,0.1519643545618844,0.9350000000000004,0.3914209115281501,0.0,-0.9607419925512564,0.2361779343815948,,1.0
fluctuation,1001,-1,-1,Static-rule,746.0,159.18019099231182,0.2810180270328941,0.9330857908847188,0.1447721179624665,0.0,-0.6608055411841655,0.4367488503469563,,3.0
fluctuation,1001,-1,-1,Greedy-myopic,746.0,134.1353389567425,0.1627915247439682,0.9340938337801612,0.0415549597855227,0.0,-0.4203469407873908,0.2530051613729176,,8.0
fluctuation,1001,-1,-1,Best-constant,746.0,185.62776863638285,0.2132925458972634,0.9310000000000004,0.2024128686327077,0.0,-0.7595851132291628,0.3314921650819971,,1.0
fluctuation,1001,0,42,PPO,746.0,135.9329324115447,0.1696361169663419,0.9336327077747992,0.0576407506702412,0.0,-0.4482525799316372,0.2636427984518562,0.7990055087923844,6.0
fluctuation,1001,0,42,PPO-stochastic,746.0,138.92267586991858,0.1756860599590511,0.933530831099196,0.067024128686327,0.0,-0.4690168416418628,0.2730454181863586,0.7921502053688952,7.0
fluctuation,1001,1,142,PPO,746.0,137.156213412721,0.1771455122911218,0.933911528150134,0.0536193029490616,0.0,-0.4472345919576262,0.2753136503524518,0.7480903265744338,7.0
fluctuation,1001,1,142,PPO-stochastic,746.0,139.39595709872256,0.1847379367253474,0.9338954423592496,0.0683646112600536,0.0,-0.471422884622443,0.2871135433273107,0.7266129851762589,7.0
fluctuation,1001,2,242,PPO,746.0,137.4174677049157,0.187009272606763,0.9340831099195712,0.064343163538874,0.0,-0.4615493490021988,0.2906435778430108,0.7989546800064717,7.0
fluctuation,1001,2,242,PPO-stochastic,746.0,139.9801513695553,0.1842308896907169,0.9339758713136732,0.0683646112600536,0.0,-0.4714524402495709,0.2863255077276561,0.7791372399712256,8.0
fluctuation,1001,0,123,DQN,746.0,137.96937242713213,0.1823070077344605,0.9327319034852548,0.0536193029490616,0.0,-0.4632601578738065,0.2833354745206409,,8.0
fluctuation,1001,1,223,DQN,746.0,139.62644922629934,0.1992296667311149,0.9325388739946382,0.0656836461126005,0.0,-0.4887475223895833,0.3096361070446078,,8.0
fluctuation,1001,2,323,DQN,746.0,144.97053330888946,0.1748769292266183,0.9337453083109922,0.0603217158176943,0.0,-0.4700394245496424,0.271787894173036,,7.0
fluctuation,1002,-1,-1,Local-only,728.0,166.76703323337807,0.5042713801165947,0.9350000000000004,0.1675824175824175,0.0,-0.9238605870544974,0.7648115931768353,,1.0
fluctuation,1002,-1,-1,Edge-only,728.0,168.55591606599276,0.1092144058742954,0.9350000000000004,0.1620879120879121,0.0,-0.6033070731841056,0.1656418489093484,,3.0
fluctuation,1002,-1,-1,Cloud-only,728.0,212.4717629354812,0.1464730948194822,0.9350000000000004,0.3653846153846153,0.0,-0.9251974349750716,0.2221508604762145,,1.0
fluctuation,1002,-1,-1,Static-rule,728.0,143.15587015802325,0.2679621543768919,0.9330659340659344,0.092032967032967,0.0,-0.5701908590005081,0.4064092674716194,,3.0
fluctuation,1002,-1,-1,Greedy-myopic,728.0,129.02749482373238,0.1572979438672229,0.9340879120879122,0.0343406593406593,0.0,-0.4069770143968386,0.2385685481986214,,8.0
fluctuation,1002,-1,-1,Best-constant,728.0,178.14984818923662,0.2072957113409189,0.9310000000000004,0.1978021978021978,0.0,-0.746573788397995,0.3143984955337271,,1.0
fluctuation,1002,0,42,PPO,728.0,132.0303913468218,0.1600883220678736,0.9336593406593408,0.0494505494505494,0.0,-0.4351672681645435,0.242800621802942,0.772378594537808,6.0
fluctuation,1002,0,42,PPO-stochastic,728.0,132.85542730113926,0.1695360421432951,0.9335219780219782,0.0521978021978022,0.0,-0.4455305000453269,0.2571296639173313,0.7660513648092951,7.0
fluctuation,1002,1,142,PPO,728.0,132.66021448152674,0.1659256331070208,0.933912087912088,0.0467032967032967,0.0,-0.4335565894742818,0.2516538768789818,0.7042489111433726,6.0
fluctuation,1002,1,142,PPO-stochastic,728.0,134.8095099611186,0.169198261554156,0.9337967032967034,0.0576923076923076,0.0,-0.4530689233611641,0.256617363357137,0.6997319399052975,7.0
fluctuation,1002,2,242,PPO,728.0,132.742465637166,0.1772149967397676,0.9340054945054946,0.0521978021978022,0.0,-0.4436714455564992,0.2687760783886478,0.7783941923190358,6.0
fluctuation,1002,2,242,PPO-stochastic,728.0,134.21901767148373,0.1805060900728032,0.933934065934066,0.0549450549450549,0.0,-0.4523467959212445,0.2737675699437519,0.7634454691874702,8.0
fluctuation,1002,0,123,DQN,728.0,133.6351713052431,0.1763155273543432,0.93278021978022,0.0494505494505494,0.0,-0.4543396395207072,0.2674118831540871,,8.0
fluctuation,1002,1,223,DQN,728.0,136.02778716696912,0.1924177841725876,0.9325274725274728,0.0604395604395604,0.0,-0.4812143912988993,0.2918336393284246,,8.0
fluctuation,1002,2,323,DQN,728.0,140.48707424642024,0.168716428999221,0.9338406593406596,0.059065934065934,0.0,-0.4655153790847464,0.2558865839821518,,7.0
fluctuation,1003,-1,-1,Local-only,688.0,157.65288683040552,0.5042953073338547,0.9350000000000004,0.1380813953488372,0.0,-0.8465883432127986,0.7228232738451916,,1.0
fluctuation,1003,-1,-1,Edge-only,688.0,170.85419763339502,0.1135655962884818,0.9350000000000004,0.1642441860465116,0.0,-0.6057585434426265,0.1627773546801574,,3.0
fluctuation,1003,-1,-1,Cloud-only,688.0,218.4971032745727,0.1545459903359663,0.9350000000000004,0.375,0.0,-0.9425877687672926,0.2215159194815514,,1.0
fluctuation,1003,-1,-1,Static-rule,688.0,140.70669237790742,0.2781238192862925,0.93321511627907,0.0828488372093023,0.0,-0.5494589913454073,0.3986441409770193,,3.0
fluctuation,1003,-1,-1,Greedy-myopic,688.0,130.48795366693813,0.1583247285604967,0.9339883720930232,0.0392441860465116,0.0,-0.4112007489697665,0.2269321109367116,,8.0
fluctuation,1003,-1,-1,Best-constant,688.0,165.41370399924708,0.2082817305870604,0.9310000000000004,0.1380813953488372,0.0,-0.6462680068272425,0.2985371471747866,,1.0
fluctuation,1003,0,42,PPO,688.0,131.53169771739988,0.1660377327402405,0.9335930232558142,0.0479651162790697,0.0,-0.4296947874343841,0.2379874169276779,0.7658403313794542,6.0
fluctuation,1003,0,42,PPO-stochastic,688.0,134.67797806783616,0.1699696659509114,0.9335813953488372,0.0508720930232558,0.0,-0.4423505575411174,0.2436231878629732,0.7548724573198977,7.0
fluctuation,1003,1,142,PPO,688.0,132.86994761742355,0.1724184376395791,0.9338604651162792,0.0479651162790697,0.0,-0.4321962844424033,0.2471330939500631,0.7038672095469909,6.0
fluctuation,1003,1,142,PPO-stochastic,688.0,135.30626802807387,0.171122634622419,0.933779069767442,0.0508720930232558,0.0,-0.4416183052379924,0.2452757762921339,0.6880883516697754,7.0
fluctuation,1003,2,242,PPO,688.0,133.20957730700832,0.1784829093373708,0.9339825581395352,0.0479651162790697,0.0,-0.4353784765831864,0.2558255033835648,0.7753483067039227,7.0
fluctuation,1003,2,242,PPO-stochastic,688.0,135.43536113064994,0.1813522634685317,0.933843023255814,0.0552325581395348,0.0,-0.450663904891432,0.2599382443048954,0.7663598453577305,8.0
fluctuation,1003,0,123,DQN,688.0,133.94756385282062,0.1828790755966908,0.9328662790697676,0.0508720930232558,0.0,-0.4528327496537414,0.2621266750219235,,8.0
fluctuation,1003,1,223,DQN,688.0,135.6237890329148,0.1947102654118575,0.9325058139534884,0.0523255813953488,0.0,-0.4665378438061964,0.2790847137569958,,8.0
fluctuation,1003,2,323,DQN,688.0,139.81505211815175,0.1727567259055793,0.9337383720930236,0.0523255813953488,0.0,-0.4524463468896336,0.2476179737979968,,7.0
fluctuation,1004,-1,-1,Local-only,722.0,173.0574146804973,0.5174496924074096,0.9350000000000004,0.1897506925207756,0.0,-0.9724273273211604,0.7783305789961452,,1.0
fluctuation,1004,-1,-1,Edge-only,722.0,172.27896936287135,0.1112525258071255,0.9350000000000004,0.1911357340720221,0.0,-0.6361901195379965,0.1673423409015513,,3.0
fluctuation,1004,-1,-1,Cloud-only,722.0,219.8439703108428,0.1512507087164299,0.9350000000000004,0.3781163434903047,0.0,-0.953642829717962,0.2275062743609633,,1.0
fluctuation,1004,-1,-1,Static-rule,722.0,157.87840696232828,0.2835857091425969,0.9330110803324104,0.1468144044321329,0.0,-0.6645115660332487,0.4265601708353231,,3.0
fluctuation,1004,-1,-1,Greedy-myopic,722.0,133.92932767877937,0.1571212519401577,0.9340415512465376,0.038781163434903,0.0,-0.4193712842437133,0.2363365497933208,,8.0
fluctuation,1004,-1,-1,Best-constant,722.0,181.81252297347496,0.2131068724852936,0.9310000000000004,0.2049861495844875,0.0,-0.7568413281028931,0.3205482540299628,,1.0
fluctuation,1004,0,42,PPO,722.0,135.0734548488143,0.1691923707836004,0.9335817174515236,0.0554016620498614,0.0,-0.4488429412591305,0.2544935243869992,0.781088484869109,6.0
fluctuation,1004,0,42,PPO-stochastic,722.0,137.14346720180734,0.1770476976063882,0.933559556786704,0.0664819944598338,0.0,-0.4690691863191993,0.2663092451496092,0.7649678015988578,7.0
fluctuation,1004,1,142,PPO,722.0,136.28822789612852,0.174745251190144,0.9337922437673132,0.056786703601108,0.0,-0.453332807862474,0.2628459819985083,0.727631145788981,6.0
fluctuation,1004,1,142,PPO-stochastic,722.0,138.8277988435016,0.1753758660074613,0.9338365650969532,0.0664819944598338,0.0,-0.4688266440399156,0.2637945317862231,0.716937715541107,8.0
fluctuation,1004,2,242,PPO,722.0,136.86526835521423,0.1850246249720488,0.9339695290858728,0.056786703601108,0.0,-0.4574487445724414,0.2783078733954566,0.7851496850117174,7.0
fluctuation,1004,2,242,PPO-stochastic,722.0,138.9763056535486,0.1848485847385874,0.933886426592798,0.0609418282548476,0.0,-0.4669137471318696,0.2780430795442916,0.7646818730484828,8.0
fluctuation,1004,0,123,DQN,722.0,136.79276949092875,0.1851286930984567,0.9328393351800556,0.0637119113573407,0.0,-0.4752624977492569,0.2784644092022623,,8.0
fluctuation,1004,1,223,DQN,722.0,139.66709932036568,0.1993112403249337,0.9325900277008312,0.0609418282548476,0.0,-0.4878172839173088,0.2997973239887547,,8.0
fluctuation,1004,2,323,DQN,722.0,143.59032868234266,0.1770636720649373,0.9337811634349032,0.056786703601108,0.0,-0.468149715853145,0.2663332733976767,,8.0
fluctuation,1005,-1,-1,Local-only,720.0,168.84477129247378,0.5148957967060668,0.9350000000000004,0.1819444444444444,0.0,-0.951730081964266,0.7723436950590998,,1.0
fluctuation,1005,-1,-1,Edge-only,720.0,170.59587465218763,0.1111584557667152,0.9350000000000004,0.1638888888888889,0.0,-0.6014738958367052,0.1667376836500728,,3.0
fluctuation,1005,-1,-1,Cloud-only,720.0,214.0020966026333,0.1508539821891815,0.9350000000000004,0.3722222222222222,0.0,-0.9263872165805788,0.2262809732837722,,1.0
fluctuation,1005,-1,-1,Static-rule,720.0,150.05949483482956,0.2816766149564758,0.9332222222222224,0.1194444444444444,0.0,-0.6123096619652895,0.422514922434714,,3.0
fluctuation,1005,-1,-1,Greedy-myopic,720.0,132.788001931796,0.1597289951771145,0.934088888888889,0.0319444444444444,0.0,-0.4076660103486369,0.2395934927656718,,8.0
fluctuation,1005,-1,-1,Best-constant,720.0,173.26975907276423,0.2122395747333645,0.9310000000000004,0.1777777777777777,0.0,-0.7071180486153461,0.318359362100047,,1.0
fluctuation,1005,0,42,PPO,720.0,134.84596694453566,0.1698621336996007,0.9336333333333336,0.0486111111111111,0.0,-0.4381534942818897,0.2547932005494011,0.7789738797686167,6.0
fluctuation,1005,0,42,PPO-stochastic,720.0,137.5505334850037,0.1722991229275184,0.9337166666666668,0.0569444444444444,0.0,-0.4539939119415332,0.2584486843912774,0.7666689698610247,7.0
fluctuation,1005,1,142,PPO,720.0,135.42037523005516,0.1752754194287164,0.9338388888888892,0.0472222222222222,0.0,-0.4383601775631425,0.2629131291430746,0.7163718710582341,6.0
fluctuation,1005,1,142,PPO-stochastic,720.0,138.06049128685893,0.1829417245296245,0.933888888888889,0.0527777777777777,0.0,-0.4535237110433955,0.2744125867944369,0.7101943252039038,7.0
fluctuation,1005,2,242,PPO,720.0,136.56330613917262,0.1860325098488509,0.9340833333333336,0.0472222222222222,0.0,-0.443586953245458,0.2790487647732765,0.7870886557942464,7.0
fluctuation,1005,2,242,PPO-stochastic,720.0,139.40401345456533,0.1786400360829284,0.933977777777778,0.0569444444444444,0.0,-0.4578294852587761,0.267960054124393,0.7755172493246695,8.0
fluctuation,1005,0,123,DQN,720.0,135.94533169368955,0.1815730844676654,0.9327666666666669,0.0361111111111111,0.0,-0.4416419513684508,0.2723596267014982,,8.0
fluctuation,1005,1,223,DQN,720.0,138.76275136890112,0.1945611470360395,0.932538888888889,0.0458333333333333,0.0,-0.4649676158027119,0.2918417205540593,,8.0
fluctuation,1005,2,323,DQN,720.0,142.97445676795044,0.174576921083561,0.9337666666666667,0.0444444444444444,0.0,-0.4503317061947115,0.2618653816253415,,7.0
fluctuation,1006,-1,-1,Local-only,732.0,165.93388630185822,0.5097037712329006,0.9350000000000004,0.1653005464480874,0.0,-0.929542314168568,0.7772982511301729,,1.0
fluctuation,1006,-1,-1,Edge-only,732.0,169.3249986160939,0.1092068616409037,0.9350000000000004,0.174863387978142,0.0,-0.6168021623658737,0.1665404640023777,,3.0
fluctuation,1006,-1,-1,Cloud-only,732.0,213.6935179024523,0.1474391732662091,0.9350000000000004,0.3633879781420765,0.0,-0.9276436113040204,0.2248447392309684,,1.0
fluctuation,1006,-1,-1,Static-rule,732.0,147.34019128931808,0.2667213756204666,0.9330218579234976,0.1188524590163934,0.0,-0.6041647459509557,0.4067500978212112,,3.0
fluctuation,1006,-1,-1,Greedy-myopic,732.0,131.6158728904377,0.1547594242546383,0.934098360655738,0.0396174863387978,0.0,-0.4163120559281763,0.2360081219883236,,8.0
fluctuation,1006,-1,-1,Best-constant,732.0,176.3933161811558,0.2090122793017314,0.9310000000000004,0.198087431693989,0.0,-0.7372504268573761,0.3187437259351404,,1.0
fluctuation,1006,0,42,PPO,732.0,133.68844085281594,0.1604063845109939,0.9335355191256832,0.0696721311475409,0.0,-0.4598262990181545,0.2446197363792657,0.7968470181486076,6.0
fluctuation,1006,0,42,PPO-stochastic,732.0,135.9521542935487,0.1665234419188815,0.9335464480874318,0.0792349726775956,0.0,-0.4781562940082395,0.2539482489262944,0.7821715967780579,7.0
fluctuation,1006,1,142,PPO,732.0,134.61796290155775,0.1648938253032823,0.933825136612022,0.0655737704918032,0.0,-0.4567950189502242,0.2514630835875051,0.7307163598957406,6.0
fluctuation,1006,1,142,PPO-stochastic,732.0,136.68449002034333,0.1686115257692658,0.9337322404371587,0.0724043715846994,0.0,-0.4708605199723412,0.2571325767981299,0.7129594264415225,8.0
fluctuation,1006,2,242,PPO,732.0,135.5403697957566,0.1777943410600201,0.9339726775956286,0.0710382513661202,0.0,-0.4692947442822741,0.2711363701165306,0.8016818015240743,8.0
fluctuation,1006,2,242,PPO-stochastic,732.0,138.13845999211367,0.1742794720023162,0.9339890710382516,0.0737704918032786,0.0,-0.4758665033884201,0.2657761948035321,0.7959999623428521,8.0
fluctuation,1006,0,123,DQN,732.0,134.90622896361816,0.1805237935522938,0.9328087431693992,0.0696721311475409,0.0,-0.4789038696620718,0.2752987851672479,,8.0
fluctuation,1006,1,223,DQN,732.0,137.40008751071022,0.19350261399681,0.9325191256830604,0.0614754098360655,0.0,-0.4840064985801318,0.2950914863451355,,8.0
fluctuation,1006,2,323,DQN,732.0,142.2895020331869,0.1702262536446208,0.933825136612022,0.0601092896174863,0.0,-0.4680542528471685,0.2595950368080465,,7.0
fluctuation,1007,-1,-1,Local-only,754.0,180.11251562461234,0.508354975546624,0.9350000000000004,0.1989389920424403,0.0026525198938992,-1.0051479134164851,0.7985409407544884,,1.0
fluctuation,1007,-1,-1,Edge-only,754.0,171.04988979703307,0.1122088662450464,0.9350000000000004,0.163129973474801,0.0,-0.595592562891217,0.1762614273932606,,3.0
fluctuation,1007,-1,-1,Cloud-only,754.0,219.0940271592804,0.152645327053909,0.9350000000000004,0.363395225464191,0.0,-0.9219438055130652,0.2397803679138485,,1.0
fluctuation,1007,-1,-1,Static-rule,754.0,152.17233858833958,0.2796560603068624,0.933164456233422,0.1193633952254641,0.0,-0.6137402570685707,0.4392930613986965,,3.0
fluctuation,1007,-1,-1,Greedy-myopic,754.0,132.32432860672728,0.1569297925518082,0.93406100795756,0.0238726790450928,0.0,-0.3931309105630328,0.2465105491334657,,8.0
fluctuation,1007,-1,-1,Best-constant,754.0,189.62623883117448,0.210059687347748,0.9310000000000004,0.2347480106100795,0.0,-0.7972009817432885,0.3299687588754211,,1.0
fluctuation,1007,0,42,PPO,754.0,134.5457847827105,0.1645664647635722,0.9336843501326262,0.0291777188328912,0.0,-0.4109600971685815,0.2585064883994449,0.770760113269644,6.0
fluctuation,1007,0,42,PPO-stochastic,754.0,136.37329374562907,0.1729551263565919,0.9336737400530506,0.0358090185676392,0.0,-0.4256684321988649,0.271683677651813,0.7556762304947531,8.0
fluctuation,1007,1,142,PPO,754.0,136.4726851478272,0.1693519942267888,0.9338859416445626,0.0344827586206896,0.0,-0.4208066759189135,0.2660237575979138,0.7083518499908698,7.0
fluctuation,1007,1,142,PPO-stochastic,754.0,137.51849728023342,0.1788772628981062,0.9338912466843504,0.03315649867374,0.0,-0.4252833491122875,0.2809863671357755,0.7024202781651584,8.0
fluctuation,1007,2,242,PPO,754.0,135.32249149251393,0.1765863231155587,0.9340397877984088,0.0305039787798408,0.0,-0.4154287363107043,0.2773876825606899,0.7738719990560958,8.0
fluctuation,1007,2,242,PPO-stochastic,754.0,136.45409477657196,0.1831431175785989,0.9339602122015916,0.0437665782493368,0.0,-0.4358508819968973,0.2876873138630489,0.7598369873897111,8.0
fluctuation,1007,0,123,DQN,754.0,135.6473630395223,0.1809660773913148,0.9327877984084882,0.03315649867374,0.0,-0.4333075494088988,0.284267546568857,,8.0
fluctuation,1007,1,223,DQN,754.0,139.0875968419712,0.192906509025941,0.9325225464190984,0.0344827586206896,0.0,-0.4498594329210418,0.3030239745949155,,8.0
fluctuation,1007,2,323,DQN,754.0,143.28331481356773,0.173711856597421,0.9337692307692312,0.0344827586206896,0.0,-0.4362719635727934,0.2728723747384487,,8.0
fluctuation,1008,-1,-1,Local-only,751.0,173.40279058947146,0.5081097868385306,0.9350000000000004,0.1890812250332889,0.0,-0.9785582609915344,0.7949801039911174,,1.0
fluctuation,1008,-1,-1,Edge-only,751.0,171.1848185061018,0.1115260778135222,0.9350000000000004,0.1731025299600532,0.0,-0.6210050458829979,0.1744918425790734,,3.0
fluctuation,1008,-1,-1,Cloud-only,751.0,215.0127029476506,0.1499955831819405,0.9350000000000004,0.3728362183754993,0.0,-0.940914987156278,0.2346805895200775,,1.0
fluctuation,1008,-1,-1,Static-rule,751.0,147.93524301577074,0.2711538423534338,0.9330612516644476,0.1131824234354194,0.0,-0.6030790001752135,0.4242427825154771,,3.0
fluctuation,1008,-1,-1,Greedy-myopic,751.0,131.6792988440875,0.1578644689810261,0.9340572569906792,0.0466045272969374,0.0,-0.4251008986875054,0.2469921170932306,,8.0
fluctuation,1008,-1,-1,Best-constant,751.0,187.08351573446603,0.2091130625451006,0.9310000000000004,0.2396804260985353,0.0,-0.8071293401335753,0.3271748124403555,,1.0
fluctuation,1008,0,42,PPO,751.0,132.77709933762395,0.1652498218996655,0.933625832223702,0.0585885486018641,0.0,-0.4469622726875842,0.2585471171805182,0.7881487816145591,6.0
fluctuation,1008,0,42,PPO-stochastic,751.0,136.0551190842012,0.16709017809138,0.933625832223702,0.0652463382157123,0.0,-0.4626484324288659,0.2614265078054718,0.7740408554970821,7.0
fluctuation,1008,1,142,PPO,751.0,133.89283512879172,0.1729206834138442,0.9338921438082556,0.0625832223701731,0.0,-0.4544526305808697,0.2705488192579105,0.717769811726045,6.0
fluctuation,1008,1,142,PPO-stochastic,751.0,136.03611154987357,0.170288232485955,0.9338655126498004,0.0612516644474034,0.0,-0.4575068483267405,0.2664301304103168,0.7039011437247461,7.0
fluctuation,1008,2,242,PPO,751.0,134.35663616987864,0.1830229585362367,0.93411051930759,0.0612516644474034,0.0,-0.4567917188628001,0.2863546705431536,0.7995163020436044,7.0
fluctuation,1008,2,242,PPO-stochastic,751.0,137.5949141973929,0.182151427248014,0.9339241011984024,0.0679094540612516,0.0,-0.4727064224741375,0.2849910872151218,0.7807441054584183,8.0
fluctuation,1008,0,123,DQN,751.0,133.3970213431978,0.1823916737728897,0.9327470039946738,0.0599201065246338,0.0,-0.4658009259016254,0.2853669729238339,,8.0
fluctuation,1008,1,223,DQN,751.0,136.96970924223507,0.1983071684472287,0.9326404793608524,0.066577896138482,0.0,-0.4894377053803637,0.3102680906330601,,8.0
fluctuation,1008,2,323,DQN,751.0,141.48416190967538,0.1771658530333063,0.933838881491345,0.0652463382157123,0.0,-0.474934082908623,0.277190740891694,,7.0
fluctuation,1009,-1,-1,Local-only,719.0,170.42049991573433,0.516038050590008,0.9350000000000004,0.1557719054242002,0.0,-0.925221045640435,0.7729819966129496,,1.0
fluctuation,1009,-1,-1,Edge-only,719.0,172.6557894930541,0.1119571107542158,0.9350000000000004,0.1557719054242002,0.0,-0.595849921714424,0.1677024221505857,,3.0
fluctuation,1009,-1,-1,Cloud-only,719.0,215.69079606774773,0.1512081234764201,0.9350000000000004,0.3699582753824756,0.0,-0.9258626697056646,0.226497168290721,,1.0
fluctuation,1009,-1,-1,Static-rule,719.0,151.69336491834483,0.2755714768946293,0.9332308762169682,0.1112656467315716,0.0,-0.5986430551319052,0.4127831080984137,,3.0
fluctuation,1009,-1,-1,Greedy-myopic,719.0,133.0746146500536,0.1579292734562621,0.9340876216968014,0.0347705146036161,0.0,-0.4080396588662877,0.2365648908646929,,8.0
fluctuation,1009,-1,-1,Best-constant,719.0,180.8755117124928,0.2123773958946903,0.9310000000000002,0.1821974965229485,0.0,-0.7252368206694771,0.3181236409339216,,1.0
fluctuation,1009,0,42,PPO,719.0,134.5566152213831,0.1685043649753637,0.9335869262865094,0.0445062586926286,0.0,-0.4311903741970958,0.2524054967026803,0.7717972248766742,6.0
fluctuation,1009,0,42,PPO-stochastic,719.0,137.426344631318,0.1716354763675082,0.9335980528511824,0.0458970792767733,0.0,-0.4408663429422299,0.2570956406421634,0.7593769125914996,7.0
fluctuation,1009,1,142,PPO,719.0,135.2030556336284,0.1715544790237204,0.9338984700973576,0.043115438108484,0.0,-0.4291200298845908,0.2569743133709481,0.7111096291152582,6.0
fluctuation,1009,1,142,PPO-stochastic,719.0,137.40605187176206,0.1769559449350706,0.9338484005563285,0.0570236439499304,0.0,-0.4515588356745411,0.2650652591839911,0.7018514262750014,8.0
fluctuation,1009,2,242,PPO,719.0,135.0735812458921,0.1845546107607514,0.9339763560500696,0.043115438108484,0.0,-0.4336077477117793,0.2764474273687087,0.7805588573051593,7.0
fluctuation,1009,2,242,PPO-stochastic,719.0,137.8202702731422,0.1859790878675393,0.933998609179416,0.0556328233657858,0.0,-0.4531846403569664,0.2785811753682516,0.7561700116086528,8.0
fluctuation,1009,0,123,DQN,719.0,135.72194931284213,0.1798121241072917,0.9327579972183592,0.0445062586926286,0.0,-0.4465655040822585,0.2693435775690478,,8.0
fluctuation,1009,1,223,DQN,719.0,138.7863361435145,0.1917880759941925,0.9325243393602228,0.0458970792767733,0.0,-0.4624020275436481,0.2872825554996343,,8.0
fluctuation,1009,2,323,DQN,719.0,142.6017691756816,0.1722188581033211,0.9338094575799724,0.0500695410292072,0.0,-0.451657915365896,0.2579694978672665,,7.0
fluctuation,1010,-1,-1,Local-only,719.0,162.01800192631097,0.5097773282791364,0.9350000000000004,0.1446453407510431,0.0,-0.8936626175166771,0.763603956318123,,1.0
fluctuation,1010,-1,-1,Edge-only,719.0,172.41232612971288,0.1144400261860199,0.9350000000000004,0.1738525730180806,0.0,-0.6236241119750436,0.1714216225578088,,3.0
fluctuation,1010,-1,-1,Cloud-only,719.0,216.6805724355707,0.1538183936815823,0.9350000000000004,0.3810848400556328,0.0,-0.9526410245590076,0.2304071355355371,,1.0
fluctuation,1010,-1,-1,Static-rule,719.0,143.5502591632035,0.2778457883609986,0.9329860917941588,0.0917941585535466,0.0,-0.5739044509362775,0.4161898371490792,,3.0
fluctuation,1010,-1,-1,Greedy-myopic,719.0,132.3240339090543,0.1625398369333041,0.9340208623087624,0.0361613351877607,0.0,-0.4167160147177918,0.2434711307396785,,8.0
fluctuation,1010,-1,-1,Best-constant,719.0,169.1697003217298,0.2101429348661369,0.9310000000000002,0.1571627260083449,0.0,-0.6810637647200705,0.3147766045182345,,1.0
fluctuation,1010,0,42,PPO,719.0,134.41335106274042,0.1667573155420538,0.933431154381085,0.0417246175243393,0.0,-0.4354190722079549,0.249788562239035,0.7727449082294078,6.0
fluctuation,1010,0,42,PPO-stochastic,719.0,136.53920178289692,0.1726757922584416,0.9335869262865092,0.0556328233657858,0.0,-0.4553394992430675,0.2586539471537907,0.7484534785762864,7.0
fluctuation,1010,1,142,PPO,719.0,135.4421740041985,0.1743799815876643,0.9337538247566066,0.0458970792767733,0.0,-0.4418810467600904,0.2612066807531887,0.7113255510839824,6.0
fluctuation,1010,1,142,PPO-stochastic,719.0,138.1585174841934,0.1783864717345768,0.93374826147427,0.0514603616133518,0.0,-0.4561931777509517,0.2672080691190852,0.7107149751388023,8.0
fluctuation,1010,2,242,PPO,719.0,135.41768187424972,0.1834687404659422,0.9338873435326844,0.043115438108484,0.0,-0.4416740859258007,0.2748208841562761,0.7794675459419487,7.0
fluctuation,1010,2,242,PPO-stochastic,719.0,136.88679111328076,0.1912217152934764,0.9338317107093188,0.0528511821974965,0.0,-0.4600551204838032,0.2864341943666867,0.7661421074012557,8.0
fluctuation,1010,0,123,DQN,719.0,135.01909773759485,0.1815896905866768,0.9325688456189152,0.0458970792767733,0.0,-0.4553401726468294,0.2720062240246266,,9.0
fluctuation,1010,1,223,DQN,719.0,138.76440123122674,0.1972580380938074,0.9323796940194716,0.0500695410292072,0.0,-0.4766684083261406,0.2954761028946824,,8.0
fluctuation,1010,2,323,DQN,719.0,141.8234598076708,0.1719567048783684,0.933737134909597,0.0514603616133518,0.0,-0.4583276612595937,0.2575768141823896,,7.0
fluctuation,1011,-1,-1,Local-only,658.0,157.70307089462133,0.5161703499414423,0.9350000000000002,0.1504559270516717,0.0,-0.864058177535382,0.7075835213780604,,1.0
fluctuation,1011,-1,-1,Edge-only,658.0,168.56024504197148,0.1110749279462754,0.9350000000000002,0.1519756838905775,0.0,-0.5920202294623961,0.1522652137263527,,3.0
fluctuation,1011,-1,-1,Cloud-only,658.0,212.58567307450448,0.1505720950888383,0.9350000000000002,0.3571428571428571,0.0,-0.9178460065335656,0.2064092470176156,,1.0
fluctuation,1011,-1,-1,Static-rule,658.0,142.27473625602696,0.2785476105729135,0.9330790273556232,0.0911854103343465,0.0,-0.5630022846867324,0.3818423494937022,,3.0
fluctuation,1011,-1,-1,Greedy-myopic,658.0,134.15130459804774,0.1526994711914941,0.9341185410334348,0.0379939209726443,0.0,-0.4169003719792337,0.2093255250916732,,8.0
fluctuation,1011,-1,-1,Best-constant,658.0,164.50427423122855,0.2126193488274639,0.9310000000000004,0.1489361702127659,0.0,-0.6610356446751106,0.2914656906843154,,1.0
fluctuation,1011,0,42,PPO,658.0,135.84049091912814,0.1616906313797571,0.9335592705167176,0.0440729483282674,0.0,-0.4368495763428347,0.2216509071830837,0.7987545087401356,6.0
fluctuation,1011,0,42,PPO-stochastic,658.0,137.281394296742,0.1721694492416466,0.933632218844985,0.0547112462006079,0.0,-0.4551691585112198,0.2360156200020902,0.7853187045739188,6.0
fluctuation,1011,1,142,PPO,658.0,137.01441075110694,0.1649650691023232,0.9338145896656538,0.0455927051671732,0.0,-0.4399147267607703,0.2261396155611014,0.7421608325207215,6.0
fluctuation,1011,1,142,PPO-stochastic,658.0,138.02539028153228,0.171245577204204,0.933808510638298,0.0501519756838905,0.0,-0.4493835125088011,0.2347491454174295,0.7302217496513732,8.0
fluctuation,1011,2,242,PPO,658.0,137.12168389037066,0.1790070797317487,0.9340273556231006,0.047112462006079,0.0,-0.4456265353502441,0.2453888717989387,0.794100742942815,7.0
fluctuation,1011,2,242,PPO-stochastic,658.0,139.75524764961546,0.1801590788336022,0.9339118541033437,0.0547112462006079,0.0,-0.4614627479888661,0.2469680705677296,0.7813360794082194,8.0
fluctuation,1011,0,123,DQN,658.0,135.87802995037168,0.1843459610282765,0.9327689969604864,0.0531914893617021,0.0,-0.4631221119604148,0.2527075882429295,,8.0
fluctuation,1011,1,223,DQN,658.0,140.06101566582402,0.1982182576123103,0.932452887537994,0.0547112462006079,0.0,-0.4832379719828799,0.2717241948102089,,8.0
fluctuation,1011,2,323,DQN,658.0,142.241885982383,0.1701638772199391,0.9337173252279636,0.0516717325227963,0.0,-0.4589061848341409,0.2332663150223335,,7.0
fluctuation,1012,-1,-1,Local-only,776.0,172.28261921364992,0.506652959878911,0.9350000000000004,0.1739690721649484,0.0115979381443298,-1.0151526961465505,0.8190889518042394,,1.0
fluctuation,1012,-1,-1,Edge-only,776.0,171.6835618467717,0.1120882430895069,0.9350000000000004,0.1533505154639175,0.0,-0.5946127524333834,0.1812093263280362,,3.0
fluctuation,1012,-1,-1,Cloud-only,776.0,214.95427881775248,0.1513963574830256,0.9350000000000004,0.3595360824742268,0.0,-0.916104332343892,0.2447574445975578,,1.0
fluctuation,1012,-1,-1,Static-rule,776.0,146.75642471207402,0.2703330074317314,0.9330979381443302,0.0889175257731958,0.0,-0.5717081115032198,0.4370383620146323,,3.0
fluctuation,1012,-1,-1,Greedy-myopic,776.0,132.4888203537142,0.1540272691983299,0.9340412371134024,0.0283505154639175,0.0,-0.401985650722128,0.2490107518706331,,8.0
fluctuation,1012,-1,-1,Best-constant,776.0,175.59436571564905,0.2109345579376633,0.9310000000000004,0.1791237113402062,0.0,-0.7149115576903727,0.341010868665889,,1.0
fluctuation,1012,0,42,PPO,776.0,134.21234995508868,0.1610073061159638,0.9335000000000002,0.0438144329896907,0.0,-0.4307771384859573,0.2602951448874747,0.7987885846319541,7.0
fluctuation,1012,0,42,PPO-stochastic,776.0,136.4897014380872,0.1719902301105571,0.9336185567010312,0.0515463917525773,0.0,-0.4478289432725587,0.2780508720120676,0.7701143897210545,8.0
fluctuation,1012,1,142,PPO,776.0,135.99503410495336,0.162792660918763,0.9337525773195876,0.0412371134020618,0.0,-0.4298116408928797,0.2631814684853334,0.7325899214081745,6.0
fluctuation,1012,1,142,PPO-stochastic,776.0,138.60102535375026,0.1709522029456061,0.9338608247422684,0.0515463917525773,0.0,-0.449148107992227,0.2763727280953963,0.7200912934501137,6.0
fluctuation,1012,2,242,PPO,776.0,135.54627579278775,0.1787141603376492,0.9339278350515466,0.0463917525773195,0.0,-0.4397704337946103,0.2889212258791993,0.8218929697279387,7.0
fluctuation,1012,2,242,PPO-stochastic,776.0,136.98028594904164,0.1793047721263956,0.9338453608247426,0.0554123711340206,0.0,-0.4542557518022305,0.2898760482710063,0.8049373423402226,8.0
fluctuation,1012,0,123,DQN,776.0,135.28156802062716,0.1787675592659143,0.9327989690721652,0.0489690721649484,0.0,-0.4524952757324767,0.2890075541465612,,8.0
fluctuation,1012,1,223,DQN,776.0,138.2048465852779,0.1888971434137825,0.9323814432989694,0.0528350515463917,0.0,-0.4721965114305576,0.305383715185615,,8.0
fluctuation,1012,2,323,DQN,776.0,142.30439344807257,0.1699312619264051,0.9337731958762888,0.0528350515463917,0.0,-0.4572497721882294,0.2747222067810213,,7.0
fluctuation,1013,-1,-1,Local-only,763.0,170.31918584695046,0.507258742270887,0.9350000000000004,0.1743119266055046,0.0039318479685452,-0.9746677358848964,0.8063300424014308,,1.0
fluctuation,1013,-1,-1,Edge-only,763.0,171.18542410421983,0.1091682099341992,0.9350000000000004,0.1795543905635648,0.0,-0.6261359585220392,0.1735319670412373,,3.0
fluctuation,1013,-1,-1,Cloud-only,763.0,217.1943564025245,0.1476483120754577,0.9350000000000004,0.3840104849279161,0.0,-0.9577367274812948,0.2346992960699463,,1.0
fluctuation,1013,-1,-1,Static-rule,763.0,149.9201771861372,0.2715695314435664,0.9331756225425952,0.1127129750982962,0.0,-0.6053353807643042,0.4316824010238356,,3.0
fluctuation,1013,-1,-1,Greedy-myopic,763.0,130.9971852199186,0.155059869405011,0.934119266055046,0.0314547837483617,0.0,-0.4056115862398223,0.2464805840750491,,8.0
fluctuation,1013,-1,-1,Best-constant,763.0,179.96454143609708,0.2094948540658884,0.9310000000000004,0.2083879423328964,0.0,-0.7593348932628272,0.3330095284422352,,1.0
fluctuation,1013,0,42,PPO,763.0,132.596311714293,0.162845613083192,0.9336212319790304,0.0511140235910878,0.0,-0.4375619502244729,0.2588566724634911,0.7760566042633642,6.0
fluctuation,1013,0,42,PPO-stochastic,763.0,134.85660033599368,0.1650298452500169,0.9337365661861076,0.0589777195281782,0.0,-0.4506858102104715,0.2623286915120062,0.7674019151363586,7.0
fluctuation,1013,1,142,PPO,763.0,133.67244716352906,0.1667249805558545,0.9339043250327655,0.0484927916120576,0.0,-0.435744085834448,0.2650232503419107,0.7129244899574355,6.0
fluctuation,1013,1,142,PPO-stochastic,763.0,135.88236882835784,0.1718823897477268,0.9339882044560948,0.0537352555701179,0.0,-0.448240186056564,0.2732213820364911,0.6956426233375448,7.0
fluctuation,1013,2,242,PPO,763.0,134.14504810803504,0.1780743785691322,0.9340615989515072,0.0537352555701179,0.0,-0.4460823964662682,0.2830640642671832,0.7864330353869582,7.0
fluctuation,1013,2,242,PPO-stochastic,763.0,135.49942710147306,0.1795752679570008,0.9338833551769332,0.0602883355176933,0.0,-0.4588846115089174,0.2854498530233161,0.7649025131867733,8.0
fluctuation,1013,0,123,DQN,763.0,134.8760804485635,0.1771260053362466,0.9328191349934472,0.0484927916120576,0.0,-0.4540271052138706,0.2815565459824091,,8.0
fluctuation,1013,1,223,DQN,763.0,137.19346409328415,0.1912058455085218,0.9326199213630408,0.0563564875491481,0.0,-0.4750188362172755,0.3039376252562547,,8.0
fluctuation,1013,2,323,DQN,763.0,141.85895482924312,0.1686524351534876,0.933857142857143,0.0537352555701179,0.0,-0.4590516531315396,0.268087100046065,,7.0
fluctuation,1014,-1,-1,Local-only,711.0,163.92673892635264,0.5139666787732067,0.9350000000000004,0.1392405063291139,0.0,-0.8856623530355642,0.7613131429328127,,1.0
fluctuation,1014,-1,-1,Edge-only,711.0,169.50560567724122,0.1098844500528748,0.9350000000000004,0.1617440225035162,0.0,-0.597679543045482,0.1627663416408209,,3.0
fluctuation,1014,-1,-1,Cloud-only,711.0,213.25531525482197,0.1495407672232301,0.9350000000000004,0.3811533052039381,0.0,-0.934189399460042,0.2215072614494095,,1.0
fluctuation,1014,-1,-1,Static-rule,711.0,151.2997106529049,0.2755798111404025,0.9329296765119552,0.1167369901547116,0.0,-0.6103130627738488,0.4082025952517215,,3.0
fluctuation,1014,-1,-1,Greedy-myopic,711.0,133.71507886486512,0.155129610096036,0.934032348804501,0.0281293952180028,0.0,-0.4054705065339225,0.2297857349547537,,8.0
fluctuation,1014,-1,-1,Best-constant,711.0,171.42149479406285,0.2114204673272622,0.9310000000000004,0.1659634317862166,0.0,-0.6900840971598257,0.3131665672285073,,1.0
fluctuation,1014,0,42,PPO,711.0,135.12349758868726,0.1665228938225893,0.9335203938115332,0.0379746835443038,0.0,-0.4286621424909324,0.2466620364747107,0.7885858430468207,6.0
fluctuation,1014,0,42,PPO-stochastic,711.0,137.88510405231594,0.17163273033051,0.933565400843882,0.0464135021097046,0.0,-0.445565343478723,0.2542309818020682,0.777885974420211,8.0
fluctuation,1014,1,142,PPO,711.0,136.38684098625666,0.169802511916722,0.9337510548523208,0.0337552742616033,0.0,-0.4260560000891687,0.2515199707766449,0.7456454488772338,6.0
fluctuation,1014,1,142,PPO-stochastic,711.0,137.98808459825108,0.1765163921122088,0.93387482419128,0.0450070323488045,0.0,-0.4435158244954402,0.2614649058162096,0.7303384224610447,7.0
fluctuation,1014,2,242,PPO,711.0,136.87130250659834,0.1817935539444815,0.9339985935302392,0.0365682137834036,0.0,-0.4330900436529555,0.2692817017802634,0.8002012555766458,6.0
fluctuation,1014,2,242,PPO-stochastic,711.0,139.20379248842684,0.1857744920861715,0.9339985935302394,0.0520393811533052,0.0,-0.4565251892451398,0.275178466402642,0.7852398315719663,8.0
fluctuation,1014,0,123,DQN,711.0,137.05158210848754,0.1785970424169386,0.9326708860759496,0.0379746835443038,0.0,-0.446598593963744,0.2645468690800907,,9.0
fluctuation,1014,1,223,DQN,711.0,138.82070641800257,0.1914864915332849,0.932383966244726,0.0450070323488045,0.0,-0.4659053905789616,0.2836393655836788,,8.0
fluctuation,1014,2,323,DQN,711.0,143.64693877868407,0.1713010206360267,0.933677918424754,0.040787623066104,0.0,-0.4494087936144322,0.2537396368171151,,7.0
fluctuation,1015,-1,-1,Local-only,744.0,165.15471217736976,0.5061413409672788,0.9350000000000004,0.1559139784946236,0.0,-0.91783904841503,0.7845190784992815,,1.0
fluctuation,1015,-1,-1,Edge-only,744.0,170.5221294808958,0.1117870182737907,0.9350000000000004,0.1586021505376344,0.0,-0.5990867579681218,0.1732698783243755,,3.0
fluctuation,1015,-1,-1,Cloud-only,744.0,216.1255697049635,0.151328794417602,0.9350000000000004,0.3763440860215054,0.0,-0.9404928710839509,0.2345596313472825,,1.0
fluctuation,1015,-1,-1,Static-rule,744.0,149.3737331611549,0.2717143654367642,0.932935483870968,0.1102150537634408,0.0,-0.6023448728326211,0.4211572664269846,,3.0
fluctuation,1015,-1,-1,Greedy-myopic,744.0,132.74777416213914,0.1543586908262509,0.9340107526881724,0.0403225806451612,0.0,-0.4163940871613584,0.2392559707806887,,8.0
fluctuation,1015,-1,-1,Best-constant,744.0,174.29442871953407,0.2082021311573883,0.9310000000000004,0.1760752688172043,0.0,-0.7090138487842096,0.3227133032939518,,1.0
fluctuation,1015,0,42,PPO,744.0,133.65725610678942,0.169950325064296,0.9335161290322584,0.0443548387096774,0.0,-0.434955646441841,0.2634230038496588,0.7906346305095721,6.0
fluctuation,1015,0,42,PPO-stochastic,744.0,136.00609744250517,0.1742109352698579,0.9336021505376346,0.0564516129032258,0.0,-0.4539763858172659,0.2700269496682796,0.782205237939413,7.0
fluctuation,1015,1,142,PPO,744.0,135.0427065009325,0.1739936560060384,0.9338172043010756,0.0483870967741935,0.0,-0.4405642552045427,0.2696901668093592,0.7294875209115543,6.0
fluctuation,1015,1,142,PPO-stochastic,744.0,137.0024411649879,0.1749833265126488,0.9337526881720432,0.0551075268817204,0.0,-0.4529732683268312,0.2712241560946055,0.7215286018725883,8.0
fluctuation,1015,2,242,PPO,744.0,134.4726665340792,0.1870608517141237,0.933978494623656,0.0470430107526881,0.0,-0.4423665711661138,0.2899443201568918,0.7990338877294092,7.0
fluctuation,1015,2,242,PPO-stochastic,744.0,136.30184180783922,0.1877248228875198,0.933935483870968,0.0551075268817204,0.0,-0.4557383630565167,0.2909734754756555,0.7727578236841627,9.0
fluctuation,1015,0,123,DQN,744.0,134.90363141636362,0.1830643396713437,0.9327365591397851,0.0551075268817204,0.0,-0.4619177640851055,0.2837497264905825,,9.0
fluctuation,1015,1,223,DQN,744.0,137.31355923648576,0.1947548706076335,0.9323494623655916,0.0497311827956989,0.0,-0.470589200117734,0.301870049441832,,8.0
fluctuation,1015,2,323,DQN,744.0,142.4617122186293,0.1756546560763669,0.9337849462365592,0.0524193548387096,0.0,-0.4604534174240106,0.2722647169183685,,7.0
fluctuation,1016,-1,-1,Local-only,704.0,166.43927874662631,0.5095753400906389,0.9350000000000004,0.1860795454545454,0.0,-0.9391985768181412,0.7473771654662702,,1.0
fluctuation,1016,-1,-1,Edge-only,704.0,165.2616378296491,0.1051459081861483,0.9350000000000004,0.1491477272727272,0.0,-0.5807302056124182,0.1542139986730177,,3.0
fluctuation,1016,-1,-1,Cloud-only,704.0,204.2823328004678,0.1406624296621958,0.9350000000000004,0.3465909090909091,0.0,-0.8849883397009706,0.206304896837887,,1.0
fluctuation,1016,-1,-1,Static-rule,704.0,144.26343364309605,0.2601798640967998,0.9329204545454548,0.1164772727272727,0.0,-0.5917568771320897,0.3815971340086397,,3.0
fluctuation,1016,-1,-1,Greedy-myopic,704.0,129.3328360176477,0.1449953958363894,0.934136363636364,0.0355113636363636,0.0,-0.4036439815648212,0.2126599138933711,,8.0
fluctuation,1016,-1,-1,Best-constant,704.0,175.866817920867,0.2085410808388146,0.9310000000000004,0.1988636363636363,0.0,-0.7372814265468631,0.3058602518969282,,1.0
fluctuation,1016,0,42,PPO,704.0,131.84873049124593,0.1504263849732209,0.933636363636364,0.0482954545454545,0.0,-0.4291633615101279,0.2206253646273906,0.7765326937978071,6.0
fluctuation,1016,0,42,PPO-stochastic,704.0,133.28581778977903,0.1591110260631456,0.9337045454545456,0.0525568181818181,0.0,-0.4402426038554707,0.233362838225947,0.7584827884089794,7.0
fluctuation,1016,1,142,PPO,704.0,133.05831510123738,0.1570970671696473,0.9339204545454548,0.0511363636363636,0.0,-0.4349378540452482,0.2304090318488159,0.7074662703618576,6.0
fluctuation,1016,1,142,PPO-stochastic,704.0,134.24115901308133,0.1586505984522513,0.9338920454545458,0.0482954545454545,0.0,-0.4355341752614117,0.2326875443966352,0.6869999453536532,8.0
fluctuation,1016,2,242,PPO,704.0,132.16614170031897,0.1708502857879301,0.934068181818182,0.0454545454545454,0.0,-0.4316030317956498,0.2505804191556309,0.7833099164391487,7.0
fluctuation,1016,2,242,PPO-stochastic,704.0,134.64114569703926,0.1683543623268428,0.9338863636363638,0.0582386363636363,0.0,-0.4515957943130664,0.2469197314127029,0.7679907778404992,8.0
fluctuation,1016,0,123,DQN,704.0,131.8089327878591,0.1742007762649542,0.9327784090909094,0.046875,0.0,-0.4457697350990123,0.2554944718552658,,8.0
fluctuation,1016,1,223,DQN,704.0,136.33261903915957,0.1808588579595808,0.9324261363636364,0.0553977272727272,0.0,-0.4718841116174527,0.2652596583407183,,8.0
fluctuation,1016,2,323,DQN,704.0,139.31412546651012,0.1621796450933704,0.9337897727272728,0.0454545454545454,0.0,-0.444195423937729,0.2378634794702762,,7.0
fluctuation,1017,-1,-1,Local-only,737.0,172.76415596284355,0.5089538145520129,0.9350000000000004,0.2035278154681139,0.0027137042062415,-1.0024160506704305,0.7814561694267362,,1.0
fluctuation,1017,-1,-1,Edge-only,737.0,169.82417769989584,0.1095069618305035,0.9350000000000004,0.1709633649932157,0.0,-0.6128106451204404,0.1681388143105852,,3.0
fluctuation,1017,-1,-1,Cloud-only,737.0,213.60373505530293,0.1468440532904209,0.9350000000000004,0.3595658073270013,0.0,-0.9191538945413956,0.2254668068230003,,1.0
fluctuation,1017,-1,-1,Static-rule,737.0,143.21045754607272,0.2625232946321636,0.9331166892808684,0.0895522388059701,0.0,-0.5610062256148111,0.4030826419664676,,3.0
fluctuation,1017,-1,-1,Greedy-myopic,737.0,130.52555596277327,0.1553236098306598,0.9340447761194032,0.0352781546811397,0.0,-0.4098195474512202,0.238486459260825,,8.0
fluctuation,1017,-1,-1,Best-constant,737.0,183.6825551447039,0.2092293451896826,0.9310000000000004,0.2170963364993215,0.0,-0.7790281555296864,0.3212542237599914,,1.0
fluctuation,1017,0,42,PPO,737.0,132.55609380142695,0.1607389887862395,0.9335400271370424,0.0434192672998643,0.0,-0.4310316262695099,0.2468013223655382,0.78508347013063,6.0
fluctuation,1017,0,42,PPO-stochastic,737.0,135.4551072743873,0.1653069977158488,0.9335725915875172,0.0515603799185888,0.0,-0.4470801171666135,0.2538151194095424,0.7771751198088662,8.0
fluctuation,1017,1,142,PPO,737.0,134.5801566637574,0.1619368387926839,0.9338439620081412,0.0461329715061058,0.0,-0.4357910711533,0.2486405212295998,0.7205460934926284,7.0
fluctuation,1017,1,142,PPO-stochastic,737.0,136.79205967513855,0.1665073551048046,0.933762550881954,0.0556309362279511,0.0,-0.4532184118739838,0.2556581681505018,0.7126779684523977,8.0
fluctuation,1017,2,242,PPO,737.0,133.87809939142863,0.1760690218725887,0.9340176390773408,0.0461329715061058,0.0,-0.438274194835314,0.2703393106668703,0.8026990153304878,7.0
fluctuation,1017,2,242,PPO-stochastic,737.0,136.3900641241575,0.1757313367004983,0.9340013568521032,0.0515603799185888,0.0,-0.4488399582778326,0.2698208232255564,0.7920723159139119,8.0
fluctuation,1017,0,123,DQN,737.0,134.25329637401325,0.1779625671527686,0.9327421981004071,0.0434192672998643,0.0,-0.4491636476158455,0.2732466916491464,,8.0
fluctuation,1017,1,223,DQN,737.0,137.2471063954213,0.1922702408694379,0.9323948439620084,0.0515603799185888,0.0,-0.4740467622750346,0.2952149323349489,,8.0
fluctuation,1017,2,323,DQN,737.0,142.75509230795825,0.1672828696533249,0.9338710990502036,0.0569877883310719,0.0,-0.4650122051431508,0.2568489061135421,,7.0
fluctuation,1018,-1,-1,Local-only,698.0,167.24925735019832,0.5110277737053498,0.9350000000000004,0.164756446991404,0.0,-0.9177061629229748,0.7431195542631961,,1.0
fluctuation,1018,-1,-1,Edge-only,698.0,167.8446190089872,0.109168653889771,0.9350000000000004,0.1504297994269341,0.0,-0.582006279097872,0.1587494175313759,,3.0
fluctuation,1018,-1,-1,Cloud-only,698.0,208.84917720248228,0.1472187397445793,0.9350000000000004,0.3495702005730659,0.0,-0.8929057960115773,0.2140805840452423,,1.0
fluctuation,1018,-1,-1,Static-rule,698.0,147.37919541789805,0.264198676705728,0.933057306590258,0.1060171919770773,0.0,-0.5835046001252643,0.3841889090429129,,3.0
fluctuation,1018,-1,-1,Greedy-myopic,698.0,130.8847659123932,0.152628913043254,0.9340945558739258,0.0401146131805157,0.0,-0.4093863007870972,0.2219478777170652,,7.0
fluctuation,1018,-1,-1,Best-constant,698.0,175.35016782324007,0.2094013504212907,0.9310000000000004,0.1891117478510028,0.0,-0.7233163586249916,0.3045044637376271,,1.0
fluctuation,1018,0,42,PPO,698.0,132.81933974115702,0.160174834219232,0.9336074498567336,0.0515759312320916,0.0,-0.4334897418097412,0.2329209047604665,0.7758317557296964,6.0
fluctuation,1018,0,42,PPO-stochastic,698.0,135.25751028649077,0.1678549481513043,0.9336361031518626,0.0530085959885386,0.0,-0.443903060156128,0.2440890704366886,0.757816929351485,8.0
fluctuation,1018,1,142,PPO,698.0,133.66151106904252,0.1639372135481036,0.9339169054441264,0.0515759312320916,0.0,-0.4336295834804422,0.2383920313678675,0.7065830667226983,6.0
fluctuation,1018,1,142,PPO-stochastic,698.0,135.91004567909474,0.1657036558598184,0.9338653295128942,0.0515759312320916,0.0,-0.4403147861054232,0.2409607328961526,0.6949860974132246,8.0
fluctuation,1018,2,242,PPO,698.0,133.62481596962044,0.1724505067942165,0.9340257879656164,0.0558739255014326,0.0,-0.4407786778290353,0.2507717786299235,0.7854771703044032,7.0
fluctuation,1018,2,242,PPO-stochastic,698.0,136.70644511552376,0.1736354912919787,0.9339455587392552,0.0587392550143266,0.0,-0.4523114929393643,0.252494943587086,0.7790247466345784,8.0
fluctuation,1018,0,123,DQN,698.0,133.08009397450013,0.1789939468717486,0.9327650429799428,0.0558739255014326,0.0,-0.4548994539644204,0.2602870310760011,,8.0
fluctuation,1018,1,223,DQN,698.0,136.1347096848863,0.1905015160389926,0.9324212034383956,0.0544412607449856,0.0,-0.4682518950638363,0.2770209545733687,,8.0
fluctuation,1018,2,323,DQN,698.0,140.62362727830714,0.1666509551321681,0.9338080229226364,0.0558739255014326,0.0,-0.4548380590581597,0.2423382639213612,,7.0
fluctuation,1019,-1,-1,Local-only,678.0,162.5828086893071,0.5114355324104212,0.9350000000000004,0.1283185840707964,0.0,-0.8495792545336,0.72240268952972,,1.0
fluctuation,1019,-1,-1,Edge-only,678.0,173.60194595465683,0.1159359555954871,0.9350000000000004,0.1755162241887905,0.0,-0.6249050147179723,0.1637595372786257,,3.0
fluctuation,1019,-1,-1,Cloud-only,678.0,222.1866667014475,0.1577325499684604,0.9350000000000004,0.3893805309734513,0.0,-0.9711112432311304,0.2227972268304503,,1.0
fluctuation,1019,-1,-1,Static-rule,678.0,151.42008422134452,0.2809311046021181,0.9331120943952804,0.103244837758112,0.0,-0.5948882954571315,0.3968151852504917,,3.0
fluctuation,1019,-1,-1,Greedy-myopic,678.0,133.51837157796422,0.1645894865018875,0.9340914454277288,0.0339233038348082,0.0,-0.4128934431842688,0.2324826496839163,,8.0
fluctuation,1019,-1,-1,Best-constant,678.0,174.80788420469605,0.2115236407155427,0.9310000000000002,0.1828908554572271,0.0,-0.7142025320656148,0.2987771425107043,,1.0
fluctuation,1019,0,42,PPO,678.0,135.37817419708955,0.1698395872839357,0.9335604719764016,0.051622418879056,0.0,-0.4430818842190107,0.2398984170385592,0.7641661198964963,6.0
fluctuation,1019,0,42,PPO-stochastic,678.0,138.11445614793865,0.179516392118713,0.9335427728613572,0.0530973451327433,0.0,-0.4561419726846603,0.2535669038676822,0.7594857122776563,7.0
fluctuation,1019,1,142,PPO,678.0,136.52772452762454,0.1782780859254487,0.9338141592920356,0.0530973451327433,0.0,-0.4482436253622252,0.2518177963696962,0.7218117266673606,6.0
fluctuation,1019,1,142,PPO-stochastic,678.0,138.61772132637716,0.1832669209185045,0.9338318584070798,0.0648967551622418,0.0,-0.4682108019079201,0.2588645257973874,0.695843220033867,8.0
fluctuation,1019,2,242,PPO,678.0,136.72858437266916,0.1879732622540724,0.9339321533923306,0.0545722713864306,0.0,-0.4533085813061753,0.265512232933877,0.7613874363677252,7.0
fluctuation,1019,2,242,PPO-stochastic,678.0,139.07421556679597,0.1859061667211469,0.933825958702065,0.0560471976401179,0.0,-0.4603058006943261,0.26259246049362,0.7414069320693348,9.0
fluctuation,1019,0,123,DQN,678.0,136.89795564259703,0.185909484764361,0.9326578171091446,0.0545722713864306,0.0,-0.4661291211479254,0.26259714722966,,8.0
fluctuation,1019,1,223,DQN,678.0,139.56040174433863,0.2006110925573603,0.9324218289085546,0.0471976401179941,0.0,-0.4724083266727274,0.2833631682372715,,8.0
fluctuation,1019,2,323,DQN,678.0,142.74352431561786,0.1787714370202951,0.9337610619469028,0.0575221238938053,0.0,-0.4653268073797196,0.2525146547911671,,7.0
energy,1000,-1,-1,Local-only,744.0,307.5607199771738,0.1612903225806451,0.9350000000000004,0.7029569892473119,0.6747311827956989,-4.318861594591271,1.0,,1.0
energy,1000,-1,-1,Edge-only,744.0,155.0422169442856,0.0939881211815708,0.9350000000000004,0.075268817204301,0.0,-0.4874719441746402,0.5981782818060624,,3.0
energy,1000,-1,-1,Cloud-only,744.0,175.07534638017052,0.1127704416172764,0.9350000000000004,0.1344086021505376,0.0,-0.6150669759772945,0.7174540127960337,,1.0
energy,1000,-1,-1,Static-rule,744.0,204.7289932484905,0.1502180500973855,0.9323527696793008,0.2836021505376344,0.0779569892473118,-1.1583357298777583,0.9414582862787616,,3.0
energy,1000,-1,-1,Greedy-myopic,744.0,135.83203196939192,0.1089078742996345,0.9342043010752692,0.0241935483870967,0.0,-0.4126995541939365,0.6871676617839172,,8.0
energy,1000,-1,-1,Best-constant,744.0,175.07534638017052,0.1127704416172764,0.9350000000000004,0.1344086021505376,0.0,-0.6150669759772945,0.7174540127960337,,1.0
energy,1000,0,42,PPO,744.0,135.5517752384747,0.1188183447022121,0.933720430107527,0.0309139784946236,0.0,-0.4393729982046018,0.7584095758705711,0.8399190452771002,7.0
energy,1000,0,42,PPO-stochastic,744.0,139.63076025526718,0.1241548272185902,0.9337729729729732,0.0416666666666666,0.0053763440860215,-0.483264524157961,0.7908500982420834,0.8186545889444088,8.0
energy,1000,1,142,PPO,744.0,137.8082472631439,0.1113042373857405,0.9340537634408604,0.0336021505376344,0.0,-0.4332772895567622,0.709388173752854,0.7605350319676663,8.0
energy,1000,1,142,PPO-stochastic,744.0,140.55418033478148,0.1200214420124786,0.9340810810810812,0.0443548387096774,0.0053763440860215,-0.4802022229426234,0.7667003828222758,0.7424301152988788,8.0
energy,1000,2,242,PPO,744.0,138.84306003908478,0.1164876250955265,0.9340860215053766,0.0349462365591397,0.0,-0.4439410172727713,0.7436044493858089,0.8341911898835772,8.0
energy,1000,2,242,PPO-stochastic,744.0,146.07987325796498,0.1242952530253378,0.933984910836763,0.064516129032258,0.0201612903225806,-0.5639016161111808,0.7916926679632761,0.8046082104606334,8.0
energy,1000,0,123,DQN,744.0,140.28674356561598,0.1287928752827926,0.9335698924731184,0.0349462365591397,0.0,-0.4659163789603338,0.8148497391193267,,9.0
energy,1000,1,223,DQN,744.0,145.89970678766153,0.1328676034440331,0.9331282401091407,0.0470430107526881,0.0147849462365591,-0.5464630845760322,0.8398574436695727,,8.0
energy,1000,2,323,DQN,744.0,142.87342717226107,0.1171041089695533,0.9340537634408604,0.0336021505376344,0.0,-0.4505042451871713,0.7467953446840707,,7.0
energy,1001,-1,-1,Local-only,745.0,311.36338785963795,0.1610738255033557,0.9350000000000004,0.7355704697986577,0.6832214765100671,-4.398130358617393,1.0,,1.0
energy,1001,-1,-1,Edge-only,745.0,156.50309577101496,0.0931324781035005,0.9350000000000004,0.0778523489932885,0.0,-0.4932614067851819,0.5937085117396963,,3.0
energy,1001,-1,-1,Cloud-only,745.0,179.6159140579611,0.1116502275992212,0.9350000000000004,0.1436241610738255,0.0,-0.6337868814164812,0.7115504196418481,,1.0
energy,1001,-1,-1,Static-rule,745.0,246.8425933303479,0.1560798386343973,0.9325923392612862,0.3785234899328859,0.0187919463087248,-1.1770010675308962,0.9721076442732974,,3.0
energy,1001,-1,-1,Greedy-myopic,745.0,136.6350344426399,0.106826296616436,0.934280536912752,0.0268456375838926,0.0,-0.4185525713215158,0.6865725388142105,,8.0
energy,1001,-1,-1,Best-constant,745.0,179.6159140579611,0.1116502275992212,0.9350000000000004,0.1436241610738255,0.0,-0.6337868814164812,0.7115504196418481,,1.0
energy,1001,0,42,PPO,745.0,136.24717009279922,0.1206830547851142,0.9336845637583896,0.0389261744966442,0.0,-0.4490872673252783,0.7601420347620901,0.854299374114747,8.0
energy,1001,0,42,PPO-stochastic,745.0,138.53324406318228,0.1264970220237596,0.933765100671141,0.0402684563758389,0.0,-0.4634063373389851,0.7952817167731009,0.8316362368130444,8.0
energy,1001,1,142,PPO,745.0,138.64556681022907,0.1116032297484834,0.9341194630872484,0.0375838926174496,0.0,-0.4369096277813976,0.7045442447937516,0.7638590531311179,8.0
energy,1001,1,142,PPO-stochastic,745.0,140.73991709069577,0.1184486239488039,0.9340979865771816,0.0402684563758389,0.0,-0.4538771351791495,0.7467805354592931,0.7527030208816864,8.0
energy,1001,2,242,PPO,745.0,140.10945443533203,0.1180376041499321,0.9341463087248324,0.0442953020134228,0.0,-0.4549685478740283,0.7449046060598675,0.8681415721974117,8.0
energy,1001,2,242,PPO-stochastic,745.0,141.71552907109293,0.1214567250290034,0.934087248322148,0.0483221476510067,0.0,-0.4693282581212219,0.7687016644964291,0.8254969042219572,8.0
energy,1001,0,123,DQN,745.0,143.31800202721752,0.1272071783460285,0.9337328859060404,0.0375838926174496,0.0,-0.4697144844458211,0.7985154572526734,,9.0
energy,1001,1,223,DQN,745.0,143.64958003939597,0.1345209633482861,0.9332442953020136,0.036241610738255,0.0,-0.4851718682442706,0.8435041900583159,,8.0
energy,1001,2,323,DQN,745.0,143.2460027677325,0.1167461090903798,0.9341624161073828,0.0416107382550335,0.0,-0.4551929543529301,0.7368643796850474,,8.0
energy,1002,-1,-1,Local-only,725.0,296.06183259831613,0.1655172413793103,0.9350000000000004,0.7117241379310345,0.6675862068965517,-4.294222781253546,1.0,,1.0
energy,1002,-1,-1,Edge-only,725.0,154.9891357418087,0.0932054494765784,0.9350000000000004,0.0951724137931034,0.0,-0.519193341654296,0.5761721136072018,,3.0
energy,1002,-1,-1,Cloud-only,725.0,175.33521162849772,0.1112492508319386,0.9350000000000004,0.1668965517241379,0.0,-0.6598412134105845,0.6873331373735927,,1.0
energy,1002,-1,-1,Static-rule,725.0,232.98544855322632,0.1537051566679373,0.9323835021707674,0.3393103448275862,0.0468965517241379,-1.2010274042005036,0.9352619843509916,,3.0
energy,1002,-1,-1,Greedy-myopic,725.0,134.56514775407666,0.1094171842903974,0.9341448275862072,0.0303448275862068,0.0,-0.4278877212473105,0.6742200073730815,,8.0
energy,1002,-1,-1,Best-constant,725.0,175.33521162849772,0.1112492508319386,0.9350000000000004,0.1668965517241379,0.0,-0.6598412134105845,0.6873331373735927,,1.0
energy,1002,0,42,PPO,725.0,134.32312427321352,0.1215456493979347,0.9336151724137932,0.0496551724137931,0.0,-0.4683989540319564,0.7471626633993647,0.8572405668630683,8.0
energy,1002,0,42,PPO-stochastic,725.0,135.70452836036264,0.1287074655471614,0.9335544827586209,0.0524137931034482,0.0,-0.4840834640114745,0.7911048276385628,0.8344824332307125,8.0
energy,1002,1,142,PPO,725.0,137.2808896954116,0.111344517083687,0.9340124137931036,0.0537931034482758,0.0,-0.4621700755863056,0.6853793004267268,0.7803176895156503,8.0
energy,1002,1,142,PPO-stochastic,725.0,137.77338306426688,0.1202626086100757,0.933896551724138,0.0468965517241379,0.0,-0.4697471580791506,0.7401604497979954,0.7596001802616078,8.0
energy,1002,2,242,PPO,725.0,137.0368714866418,0.1216834730631885,0.9339517241379311,0.0468965517241379,0.0,-0.4679471769679927,0.7483803165614912,0.8626392467165815,8.0
energy,1002,2,242,PPO-stochastic,725.0,139.9714488480889,0.1244192814154505,0.933929655172414,0.0675862068965517,0.0,-0.5007356365326511,0.7673181801507543,0.8398907034561551,8.0
energy,1002,0,123,DQN,725.0,139.81580758452475,0.1295631997953365,0.9335268965517244,0.0441379310344827,0.0,-0.4835994247410434,0.7933625701226288,,9.0
energy,1002,1,223,DQN,725.0,140.8147580397777,0.134956324467095,0.9331462068965518,0.0510344827586206,0.0,-0.5053866389857877,0.8263920308634727,,8.0
energy,1002,2,323,DQN,725.0,140.7677229438515,0.1183313766820955,0.9339020689655176,0.0482758620689655,0.0,-0.4722455099009259,0.7285480576220582,,8.0
energy,1003,-1,-1,Local-only,697.0,293.23760356606255,0.1721664275466283,0.9350000000000004,0.6886657101865137,0.6499282639885222,-4.193842302530332,1.0,,1.0
energy,1003,-1,-1,Edge-only,697.0,154.18104918169553,0.0930111723079579,0.9350000000000004,0.0631276901004304,0.0,-0.4794267948614749,0.5534218649866169,,3.0
energy,1003,-1,-1,Cloud-only,697.0,177.78921752348066,0.1121684590097592,0.9350000000000004,0.1535150645624103,0.0,-0.6454881658414933,0.6674128839192484,,1.0
energy,1003,-1,-1,Static-rule,697.0,201.22811601201192,0.1599597984541951,0.9323764705882356,0.2725968436154949,0.024390243902439,-0.991991967157571,0.9348697695003516,,3.0
energy,1003,-1,-1,Greedy-myopic,697.0,133.8989497001726,0.1085970815448353,0.9341621233859398,0.0229555236728837,0.0,-0.4148934089285642,0.6484282095228281,,8.0
energy,1003,-1,-1,Best-constant,697.0,177.78921752348066,0.1121684590097592,0.9350000000000004,0.1535150645624103,0.0,-0.6454881658414933,0.6674128839192484,,1.0
energy,1003,0,42,PPO,697.0,133.6197871530017,0.1238471330259233,0.9335480631276902,0.0301291248206599,0.0,-0.4440220686118655,0.7281564689560014,0.8521630117292897,8.0
energy,1003,0,42,PPO-stochastic,697.0,135.5340637387078,0.1263755444878981,0.933536585365854,0.0301291248206599,0.0,-0.4512774740756527,0.7423056991746642,0.8294593833675514,8.0
energy,1003,1,142,PPO,697.0,136.59350900021448,0.1125773990915904,0.9339612625538022,0.0272596843615494,0.0,-0.4299509451107219,0.6646706897498372,0.7820962314765201,8.0
energy,1003,1,142,PPO-stochastic,697.0,137.86253600701383,0.1196712325627255,0.9339153515064564,0.0329985652797704,0.0,-0.4470066643533146,0.7046054591645158,0.7621167313943549,8.0
energy,1003,2,242,PPO,697.0,137.78547262058643,0.119682542124077,0.9339670014347204,0.0286944045911047,0.0,-0.4424310197885488,0.705870472933233,0.8571730384140822,8.0
energy,1003,2,242,PPO-stochastic,697.0,139.33434847433517,0.1244939795423572,0.9339268292682932,0.0373027259684361,0.0,-0.4609897312189621,0.7326306080242837,0.8195324705077209,8.0
energy,1003,0,123,DQN,697.0,138.3764720916215,0.1325280288099695,0.9334160688665712,0.0358680057388809,0.0,-0.4707707204388216,0.7769496233693524,,9.0
energy,1003,1,223,DQN,697.0,140.6250065534693,0.1388776815323726,0.9330545193687232,0.0344332855093256,0.0,-0.4870828839333911,0.8118536339718359,,8.0
energy,1003,2,323,DQN,697.0,140.50652552834745,0.1179448564822213,0.9340014347202298,0.0344332855093256,0.0,-0.4501951972603226,0.696076184423159,,8.0
energy,1004,-1,-1,Local-only,716.0,302.51094126844066,0.1675977653631285,0.9350000000000004,0.7122905027932961,0.6634078212290503,-4.294954723556841,1.0,,1.0
energy,1004,-1,-1,Edge-only,716.0,155.953283322602,0.0929397553562093,0.9350000000000004,0.0865921787709497,0.0,-0.5033557003145848,0.5681083548780976,,3.0
energy,1004,-1,-1,Cloud-only,716.0,176.078864295041,0.1114923289980119,0.9350000000000004,0.1675977653631284,0.0,-0.6522594491565573,0.6816208601191587,,1.0
energy,1004,-1,-1,Static-rule,716.0,197.34053308113155,0.1531343661055079,0.9322872180451132,0.2653631284916201,0.0712290502793296,-1.1081464931192402,0.9239806235822569,,3.0
energy,1004,-1,-1,Greedy-myopic,716.0,135.75174860768738,0.1085329713683202,0.9341843575418998,0.0307262569832402,0.0,-0.4217926997134458,0.6584503542396948,,8.0
energy,1004,-1,-1,Best-constant,716.0,176.078864295041,0.1114923289980119,0.9350000000000004,0.1675977653631284,0.0,-0.6522594491565573,0.6816208601191587,,1.0
energy,1004,0,42,PPO,716.0,134.9406679542549,0.1188481649690356,0.9336871508379888,0.0446927374301676,0.0,-0.4546223528021641,0.7315729001127618,0.8315401613379324,8.0
energy,1004,0,42,PPO-stochastic,716.0,137.9333639996047,0.1247858409650134,0.9337877094972068,0.0544692737430167,0.0,-0.4783305334284625,0.7659475371165889,0.8070894227722171,8.0
energy,1004,1,142,PPO,716.0,137.7342089466,0.110536101608984,0.9340000000000002,0.0446927374301676,0.0,-0.4465408385129013,0.6787303100541897,0.7457988718186386,8.0
energy,1004,1,142,PPO-stochastic,716.0,139.81645990304116,0.1159374318742098,0.9340670391061454,0.053072625698324,0.0,-0.4652170183769996,0.7102374331935825,0.7378593358866787,9.0
energy,1004,2,242,PPO,716.0,138.53974638926024,0.1155283387359286,0.9340502793296092,0.0432960893854748,0.0,-0.4517379996074049,0.7092047585299976,0.8365824509037441,8.0
energy,1004,2,242,PPO-stochastic,716.0,140.81673600299666,0.1209456927608631,0.9340167597765364,0.0586592178770949,0.0,-0.4799261356106944,0.7398047727771928,0.8109898930207394,8.0
energy,1004,0,123,DQN,716.0,140.45829028373316,0.129324649132566,0.9334804469273744,0.0418994413407821,0.0,-0.4760992913682752,0.7882240522800873,,9.0
energy,1004,1,223,DQN,716.0,141.98144334276515,0.1345329196962323,0.9331843575418995,0.0418994413407821,0.0,-0.4895954952546154,0.8191837276386603,,8.0
energy,1004,2,323,DQN,716.0,142.67641917339435,0.1151000364517333,0.9341564245810058,0.0544692737430167,0.0,-0.4696870817957173,0.706364696618995,,7.0
energy,1005,-1,-1,Local-only,719.0,307.0372891759174,0.1668984700973574,0.9350000000000004,0.7301808066759388,0.6675938803894298,-4.329747161923646,1.0,,1.0
energy,1005,-1,-1,Edge-only,719.0,153.76548283973523,0.0922978184022986,0.9350000000000004,0.0695410292072322,0.0,-0.4796906319295352,0.5665357646639663,,3.0
energy,1005,-1,-1,Cloud-only,719.0,171.82602801574657,0.110840737191095,0.9350000000000004,0.1196105702364394,0.0,-0.5919704447807784,0.6811497820081042,,1.0
energy,1005,-1,-1,Static-rule,719.0,194.7681466035036,0.1545115986551343,0.9323935860058312,0.2545201668984701,0.0458970792767733,-1.0146047618127172,0.9312865178775072,,3.0
energy,1005,-1,-1,Greedy-myopic,719.0,135.64874097191645,0.1063545944655628,0.9342823365785816,0.0278164116828929,0.0,-0.4150078771761685,0.6526864893977691,,8.0
energy,1005,-1,-1,Best-constant,719.0,171.82602801574657,0.110840737191095,0.9350000000000004,0.1196105702364394,0.0,-0.5919704447807784,0.6811497820081042,,1.0
energy,1005,0,42,PPO,719.0,134.72346397918378,0.1188330442645407,0.9337593880389432,0.0375521557719054,0.0,-0.4425140849515831,0.7249986162672657,0.8473348594549137,7.0
energy,1005,0,42,PPO-stochastic,719.0,136.91974998389412,0.1235299488967039,0.9338205841446456,0.0458970792767733,0.0,-0.4620894284089952,0.7542699728259333,0.8231257327387993,8.0
energy,1005,1,142,PPO,719.0,137.75620287496434,0.1121529941819396,0.9341210013908208,0.0417246175243393,0.0,-0.441724921477996,0.6854642363785853,0.7642598211925907,7.0
energy,1005,1,142,PPO-stochastic,719.0,139.46440989714654,0.1198913585693974,0.9341043115438112,0.0445062586926286,0.0,-0.4582871795283654,0.7304179738437924,0.7469198314864214,8.0
energy,1005,2,242,PPO,719.0,138.15533119438297,0.1157009025598041,0.9341154381084842,0.043115438108484,0.0,-0.4479814164050892,0.7081585015657085,0.847670572497707,8.0
energy,1005,2,242,PPO-stochastic,719.0,140.88385489577712,0.1202475217260755,0.9340486787204452,0.043115438108484,0.0,-0.4625972189592692,0.7388163195710423,0.8281614901769974,9.0
energy,1005,0,123,DQN,719.0,140.32280214540918,0.1281482888020529,0.9335479833101532,0.0347705146036161,0.0,-0.463230002173252,0.7786928782533358,,9.0
energy,1005,1,223,DQN,719.0,142.37388298697005,0.1345366298638231,0.933169680111266,0.0333796940194714,0.0,-0.4802416818917924,0.8175557070205168,,8.0
energy,1005,2,323,DQN,719.0,141.94119763864512,0.1146595105953224,0.9341098748261476,0.0305980528511821,0.0,-0.4407799738875742,0.7026862331439292,,7.0
energy,1006,-1,-1,Local-only,735.0,300.5046842499904,0.1632653061224489,0.9350000000000004,0.708843537414966,0.6653061224489796,-4.286062177407122,1.0,,1.0
energy,1006,-1,-1,Edge-only,735.0,155.22316180566315,0.0938323871609929,0.9350000000000004,0.092517006802721,0.0,-0.5125585451440602,0.5871539228558958,,3.0
energy,1006,-1,-1,Cloud-only,735.0,177.7003050014449,0.1133755827444581,0.9350000000000004,0.1578231292517006,0.0,-0.6531222186213098,0.709372950508661,,1.0
energy,1006,-1,-1,Static-rule,735.0,202.19904958055156,0.1525121578116523,0.9323372262773724,0.291156462585034,0.0680272108843537,-1.1394439379289634,0.9397686876126506,,3.0
energy,1006,-1,-1,Greedy-myopic,735.0,136.1752139688435,0.1089239125017317,0.9341891156462588,0.0340136054421768,0.0,-0.4316177171735336,0.6795225095202091,,8.0
energy,1006,-1,-1,Best-constant,735.0,177.7003050014449,0.1133755827444581,0.9350000000000004,0.1578231292517006,0.0,-0.6531222186213098,0.709372950508661,,1.0
energy,1006,0,42,PPO,735.0,134.989040127844,0.1210523501702481,0.9335795918367348,0.0421768707482993,0.0,-0.4593192856299755,0.7556233564638912,0.8239764951321543,8.0
energy,1006,0,42,PPO-stochastic,735.0,137.49387230026744,0.1271692750482353,0.933661224489796,0.0476190476190476,0.0,-0.4782740478806387,0.7955198363456057,0.8099384532595167,8.0
energy,1006,1,142,PPO,735.0,138.44246941813046,0.1134677100417391,0.9339986394557828,0.0517006802721088,0.0,-0.4632353371307501,0.7109161082861339,0.7599507459318963,8.0
energy,1006,1,142,PPO-stochastic,735.0,139.10474140718827,0.1204195765684228,0.933922448979592,0.0489795918367346,0.0,-0.4714116946481431,0.7525120857673521,0.7402754851167097,8.0
energy,1006,2,242,PPO,735.0,139.27200848306566,0.1174268826286499,0.9339931972789116,0.0503401360544217,0.0,-0.4688673661948265,0.7364365352908667,0.8453432093216043,8.0
energy,1006,2,242,PPO-stochastic,735.0,141.33729114791504,0.1234154078597065,0.9339714285714288,0.0544217687074829,0.0,-0.4845990085305036,0.7699476072628217,0.8189369126495455,8.0
energy,1006,0,123,DQN,735.0,140.50147506332812,0.1284335144862554,0.9335414965986396,0.0408163265306122,0.0,-0.4768884025842567,0.7982446049858132,,9.0
energy,1006,1,223,DQN,735.0,142.76398137167754,0.1370076752196141,0.9331424657534249,0.0503401360544217,0.0068027210884353,-0.5303914047398827,0.8502870706894031,,8.0
energy,1006,2,323,DQN,735.0,142.10248279066897,0.1182508265187745,0.9339551020408164,0.0476190476190476,0.0,-0.4699415971337779,0.7384345488126516,,8.0
energy,1007,-1,-1,Local-only,750.0,317.8215176545329,0.1599999999999999,0.9350000000000004,0.7493333333333333,0.6933333333333334,-4.446151521194094,1.0,,1.0
energy,1007,-1,-1,Edge-only,750.0,155.2494987950809,0.0943721028560432,0.9350000000000004,0.0866666666666666,0.0,-0.5003892622590687,0.6018363671891169,,3.0
energy,1007,-1,-1,Cloud-only,750.0,175.95040712178297,0.1131071553446349,0.9350000000000004,0.1586666666666666,0.0,-0.6442506421297944,0.7215296518502247,,1.0
energy,1007,-1,-1,Static-rule,750.0,411.4633780992692,0.1569669002270663,0.9326143250688708,0.48,0.032,-1.6468994370968897,0.9834389259164918,,3.0
energy,1007,-1,-1,Greedy-myopic,750.0,137.2075364253766,0.1091755742830123,0.9342160000000004,0.028,0.0,-0.4221920496302671,0.6998330987792243,,8.0
energy,1007,-1,-1,Best-constant,750.0,175.95040712178297,0.1131071553446349,0.9350000000000004,0.1586666666666666,0.0,-0.6442506421297944,0.7215296518502247,,1.0
energy,1007,0,42,PPO,750.0,135.90064016896696,0.1224143712636959,0.9336346666666668,0.0413333333333333,0.0,-0.4534451251710742,0.7714870491100211,0.8384867148896058,8.0
energy,1007,0,42,PPO-stochastic,750.0,138.26446062276142,0.1316160490226534,0.9337040000000002,0.0453333333333333,0.0,-0.4762585675632082,0.8289853684801318,0.8163669351140658,7.0
energy,1007,1,142,PPO,750.0,138.92730766309748,0.1151033058998816,0.934082666666667,0.0466666666666666,0.0,-0.4518906298479031,0.7256925208062235,0.7731499610642593,8.0
energy,1007,1,142,PPO-stochastic,750.0,140.29206519428575,0.1202057265869097,0.9340293333333336,0.044,0.0,-0.458904195384903,0.7577050190303585,0.7572247491255403,9.0
energy,1007,2,242,PPO,750.0,140.08840422292957,0.1187621093013313,0.9340826666666668,0.0426666666666666,0.0,-0.4549567155935792,0.7501272276119932,0.8483881348421176,8.0
energy,1007,2,242,PPO-stochastic,750.0,141.6207219204563,0.1301453474671628,0.9339760000000004,0.056,0.0,-0.489792172094491,0.8188223224372153,0.81406584790349,8.0
energy,1007,0,123,DQN,750.0,143.12149054406035,0.1313118335027218,0.9336613333333336,0.032,0.0,-0.4706082739758819,0.8283072222193538,,9.0
energy,1007,1,223,DQN,750.0,144.05232110122452,0.1365147300491074,0.9332666666666668,0.04,0.0,-0.4930482974732367,0.8566869848703232,,8.0
energy,1007,2,323,DQN,750.0,143.99217438127812,0.1184741724170994,0.9339973333333336,0.044,0.0,-0.4624930549441654,0.747289418357554,,8.0
energy,1008,-1,-1,Local-only,749.0,304.3330254475016,0.1602136181575434,0.9350000000000004,0.7169559412550067,0.6769025367156208,-4.341036810712163,1.0,,1.0
energy,1008,-1,-1,Edge-only,749.0,155.3302978067292,0.0930152009760791,0.9350000000000004,0.096128170894526,0.0,-0.5148688547103545,0.5937320244199006,,3.0
energy,1008,-1,-1,Cloud-only,749.0,176.67355243839145,0.1117168603594401,0.9350000000000004,0.1722296395193591,0.0,-0.6623650851968101,0.7132983752469321,,1.0
energy,1008,-1,-1,Static-rule,749.0,273.7286030771297,0.1477399488446564,0.9323057607090108,0.4165554072096128,0.096128170894526,-1.5080415442316382,0.9330546085879288,,3.0
energy,1008,-1,-1,Greedy-myopic,749.0,135.0119222713046,0.1081306291425188,0.9342202937249668,0.0253671562082777,0.0,-0.4166011655436704,0.6835842444143978,,8.0
energy,1008,-1,-1,Best-constant,749.0,176.67355243839145,0.1117168603594401,0.9350000000000004,0.1722296395193591,0.0,-0.6623650851968101,0.7132983752469321,,1.0
energy,1008,0,42,PPO,749.0,135.13576509948052,0.1187414118927751,0.933739652870494,0.0373831775700934,0.0,-0.4506590751358774,0.7611081598571023,0.845194380247943,8.0
energy,1008,0,42,PPO-stochastic,749.0,138.18495670269093,0.1247410833690775,0.9336845637583896,0.0600801068090787,0.0053404539385847,-0.5082533886311424,0.801261244090985,0.8238194284187219,9.0
energy,1008,1,142,PPO,749.0,137.68689754646766,0.1099021395779312,0.9340600801068094,0.0427236315086782,0.0,-0.4466114230746017,0.7037081872063142,0.7601301297868722,8.0
energy,1008,1,142,PPO-stochastic,749.0,138.81721082406,0.1150323959937129,0.934086782376502,0.0493991989319092,0.0,-0.4625183723616167,0.7369670386549272,0.7562927732266516,8.0
energy,1008,2,242,PPO,749.0,138.9298859546135,0.1159146610084157,0.9340921228304409,0.048064085447263,0.0,-0.4628227319976264,0.7418617168317161,0.8532019066257535,8.0
energy,1008,2,242,PPO-stochastic,749.0,141.30084850272743,0.1220991454096863,0.9340066755674234,0.0640854472630173,0.0,-0.4950969615212139,0.7836550357544442,0.8295742080351698,8.0
energy,1008,0,123,DQN,749.0,138.24808322927885,0.1284441869871757,0.9335206942590124,0.034712950600801,0.0,-0.4678275999733776,0.8177570507025079,,9.0
energy,1008,1,223,DQN,749.0,140.19935950004572,0.1332403644089782,0.9331016042780752,0.0440587449933244,0.0013351134846461,-0.4975900859557559,0.8492852416430202,,8.0
energy,1008,2,323,DQN,749.0,141.12142617279343,0.1148346458548406,0.934028037383178,0.0387182910547396,0.0,-0.4550879441347685,0.7363155300568358,,8.0
energy,1009,-1,-1,Local-only,726.0,305.8697949221662,0.1652892561983471,0.9350000000000004,0.7107438016528925,0.6680440771349863,-4.307283139734642,1.0,,1.0
energy,1009,-1,-1,Edge-only,726.0,155.65828310178756,0.0934890279180439,0.9350000000000004,0.0826446280991735,0.0,-0.4960816647522769,0.5810800460653798,,3.0
energy,1009,-1,-1,Cloud-only,726.0,175.70615693145203,0.1121560936555049,0.9350000000000004,0.1432506887052341,0.0,-0.6238176122936875,0.6970305022074404,,1.0
energy,1009,-1,-1,Static-rule,726.0,231.23712474547608,0.1552588789059532,0.9324252873563222,0.3305785123966942,0.0413223140495867,-1.1622348580195043,0.9494301811508478,,3.0
energy,1009,-1,-1,Greedy-myopic,726.0,136.2348514585963,0.1078622568359212,0.9342341597796144,0.0275482093663911,0.0,-0.4169013651901406,0.6678617505599695,,8.0
energy,1009,-1,-1,Best-constant,726.0,175.70615693145203,0.1121560936555049,0.9350000000000004,0.1432506887052341,0.0,-0.6238176122936875,0.6970305022074404,,1.0
energy,1009,0,42,PPO,726.0,135.61753040265486,0.1183202643118754,0.9337988980716256,0.0385674931129476,0.0,-0.4451833238649359,0.734824843879202,0.8318023302235715,8.0
energy,1009,0,42,PPO-stochastic,726.0,138.06856293124906,0.1246065954150742,0.9337438016528928,0.0495867768595041,0.0,-0.4717235797364981,0.7746656639234228,0.8285632255197228,8.0
energy,1009,1,142,PPO,726.0,139.2953785197217,0.1115642180749951,0.9340909090909094,0.046831955922865,0.0,-0.4497983767260223,0.6925733970466498,0.7752063449718489,8.0
energy,1009,1,142,PPO-stochastic,726.0,140.83431593561116,0.1148294187195892,0.9340358126721764,0.0537190082644628,0.0,-0.4658382342353188,0.7129337275746945,0.7566708409850879,8.0
energy,1009,2,242,PPO,726.0,139.527911749386,0.1172402783637095,0.9341074380165292,0.0440771349862259,0.0,-0.4541759505325499,0.7275944027106197,0.8377284086604421,8.0
energy,1009,2,242,PPO-stochastic,726.0,141.03650255268585,0.1260022874760772,0.9340082644628102,0.0523415977961432,0.0,-0.4802197231170933,0.7831322508090579,0.8153719679342157,8.0
energy,1009,0,123,DQN,726.0,140.04427864333033,0.1292277288901122,0.9335179063360884,0.0303030303030303,0.0,-0.4600103870486794,0.7956493608528795,,9.0
energy,1009,1,223,DQN,726.0,141.95169573285844,0.1347178616939413,0.933137741046832,0.0385674931129476,0.0,-0.4854696184779396,0.8302422325434315,,8.0
energy,1009,2,323,DQN,726.0,142.51153466791334,0.1152502747085928,0.93402479338843,0.0385674931129476,0.0,-0.4507899225586528,0.7141252812270771,,8.0
energy,1010,-1,-1,Local-only,731.0,301.5217827808723,0.1641586867305061,0.9350000000000004,0.7140902872777017,0.6771545827633378,-4.324438806537585,1.0,,1.0
energy,1010,-1,-1,Edge-only,731.0,155.98527850034057,0.096816370732204,0.9350000000000004,0.0916552667578659,0.0,-0.5149692957150528,0.6036623882266691,,3.0
energy,1010,-1,-1,Cloud-only,731.0,175.53474405236437,0.1158317838520923,0.9350000000000004,0.1559507523939808,0.0,-0.6474423210624486,0.7217854016545056,,1.0
energy,1010,-1,-1,Static-rule,731.0,228.03020802108608,0.1570113389938465,0.9324736842105268,0.3419972640218878,0.0383036935704514,-1.1697477828330178,0.9637172833645956,,3.0
energy,1010,-1,-1,Greedy-myopic,731.0,134.68066303246465,0.1129380062702894,0.9339876880984954,0.0287277701778385,0.0,-0.4273241491457032,0.7058628291482465,,8.0
energy,1010,-1,-1,Best-constant,731.0,175.53474405236437,0.1158317838520923,0.9350000000000004,0.1559507523939808,0.0,-0.6474423210624486,0.7217854016545056,,1.0
energy,1010,0,42,PPO,731.0,134.5126818646522,0.1255916631800714,0.9335554035567716,0.0396716826265389,0.0,-0.4572800164716452,0.7756921744739851,0.822100533883402,8.0
energy,1010,0,42,PPO-stochastic,731.0,136.72075443519984,0.1291740721399578,0.9335499316005474,0.042407660738714,0.0,-0.4716655202660966,0.8000748328945293,0.8072001530945546,8.0
energy,1010,1,142,PPO,731.0,137.95851934812623,0.115251608510553,0.9339876880984954,0.042407660738714,0.0,-0.4506344852810572,0.716273131594166,0.7560007990619471,8.0
energy,1010,1,142,PPO-stochastic,731.0,139.04301919674865,0.123044176983353,0.9339548563611492,0.0506155950752394,0.0,-0.472274043155257,0.7622774988742098,0.7541573468147281,8.0
energy,1010,2,242,PPO,731.0,138.1671888806587,0.1205963918277551,0.9339274965800276,0.042407660738714,0.0,-0.45843767237681,0.7476181539463668,0.8192568187756023,8.0
energy,1010,2,242,PPO-stochastic,731.0,140.38192702266872,0.1252796206252443,0.933916552667579,0.0492476060191518,0.0,-0.4771637403371251,0.7770217478292061,0.8031462698502189,9.0
energy,1010,0,123,DQN,731.0,140.99080641391637,0.1341236896388024,0.9335335157318744,0.0451436388508891,0.0,-0.4882007296761695,0.8280939304381295,,9.0
energy,1010,1,223,DQN,731.0,141.72162980625404,0.1375478781701567,0.9331012311901506,0.042407660738714,0.0,-0.4963377687498937,0.8471338106892737,,8.0
energy,1010,2,323,DQN,731.0,142.04536721791402,0.1209345756353277,0.933932968536252,0.0396716826265389,0.0,-0.4619123151528477,0.7488624940054125,,8.0
energy,1011,-1,-1,Local-only,658.0,295.49599138820184,0.1823708206686929,0.9350000000000004,0.6930091185410334,0.6428571428571429,-4.182087986956232,1.0,,1.0
energy,1011,-1,-1,Edge-only,658.0,152.30613779291176,0.0929715009088568,0.9350000000000002,0.0972644376899696,0.0,-0.5066698767501393,0.5216441099488139,,3.0
energy,1011,-1,-1,Cloud-only,658.0,171.5948770714295,0.1122891456192253,0.9350000000000002,0.1443768996960486,0.0,-0.6185463122997747,0.6299750790146419,,1.0
energy,1011,-1,-1,Static-rule,658.0,183.7154826454535,0.1649854018418463,0.9322857142857144,0.2203647416413373,0.0212765957446808,-0.8869207424310283,0.9119412707914488,,3.0
energy,1011,-1,-1,Greedy-myopic,658.0,135.6197075065859,0.107982776188356,0.9341854103343468,0.033434650455927,0.0,-0.4216474981525845,0.6055297219457442,,8.0
energy,1011,-1,-1,Best-constant,658.0,171.5948770714295,0.1122891456192253,0.9350000000000002,0.1443768996960486,0.0,-0.6185463122997747,0.6299750790146419,,1.0
energy,1011,0,42,PPO,658.0,135.68753273696862,0.1176361592612799,0.9337355623100306,0.0516717325227963,0.0,-0.4554225402387491,0.6599072775721375,0.8170436453470524,8.0
energy,1011,0,42,PPO-stochastic,658.0,136.71453257323557,0.1256815293565151,0.9337537993920974,0.0562310030395136,0.0,-0.4725161448815502,0.7037440677659744,0.7897515542986364,7.0
energy,1011,1,142,PPO,658.0,137.854611724382,0.1111242764305693,0.93406990881459,0.0547112462006079,0.0,-0.4529109305608546,0.6220824978035402,0.7463563283945017,8.0
energy,1011,1,142,PPO-stochastic,658.0,139.87950458344457,0.1180149481929151,0.9340212765957449,0.0577507598784194,0.0,-0.4692531972522267,0.6617937616805808,0.7338935072366771,9.0
energy,1011,2,242,PPO,658.0,138.56810674874595,0.116336883298021,0.9340334346504562,0.0577507598784194,0.0,-0.4638064990347569,0.6522948182783205,0.7932828570911405,8.0
energy,1011,2,242,PPO-stochastic,658.0,140.83580893058533,0.1227119460150983,0.9340334346504562,0.0577507598784194,0.0,-0.4776980461270952,0.6891278947680378,0.7748723276706815,9.0
energy,1011,0,123,DQN,658.0,139.5780468879307,0.1321052326688435,0.9335106382978724,0.0486322188449848,0.0,-0.4776871504070694,0.735532429341163,,9.0
energy,1011,1,223,DQN,658.0,141.9496873308811,0.1396527708412563,0.933066869300912,0.0425531914893617,0.0,-0.491870358514564,0.7761063215744582,,8.0
energy,1011,2,323,DQN,658.0,139.95260667009111,0.1174365160025472,0.9339361702127664,0.0486322188449848,0.0,-0.4575856722395714,0.6579261568997308,,7.0
energy,1012,-1,-1,Local-only,777.0,309.97577661749426,0.1544401544401544,0.9350000000000004,0.7323037323037324,0.7001287001287001,-4.451079167333963,1.0,,1.0
energy,1012,-1,-1,Edge-only,777.0,157.16445971479382,0.0953677899322101,0.9350000000000004,0.0965250965250965,0.0,-0.5235265113395187,0.6320739156007102,,3.0
energy,1012,-1,-1,Cloud-only,777.0,177.1163427448447,0.1149419436752371,0.9350000000000004,0.1724581724581724,0.0,-0.6718467153242721,0.7619678032325068,,1.0
energy,1012,-1,-1,Static-rule,777.0,417.16254538805975,0.1525907375743142,0.9326118598382752,0.4594594594594595,0.045045045045045,-1.5937523675533272,0.9896276376376762,,3.0
energy,1012,-1,-1,Greedy-myopic,777.0,136.73237734573857,0.1086142007150831,0.9342175032175034,0.027027027027027,0.0,-0.4272952668862347,0.7242543342695087,,8.0
energy,1012,-1,-1,Best-constant,777.0,177.1163427448447,0.1149419436752371,0.9350000000000004,0.1724581724581724,0.0,-0.6718467153242721,0.7619678032325068,,1.0
energy,1012,0,42,PPO,777.0,135.9031088929735,0.12296365293552,0.9335894465894468,0.0398970398970398,0.0,-0.4609904359841744,0.8039296758580603,0.8436133991759103,8.0
energy,1012,0,42,PPO-stochastic,777.0,138.3261682650108,0.1298993674354435,0.9336357786357788,0.0501930501930501,0.0,-0.4875583415869197,0.8460158181884138,0.8385490858723604,8.0
energy,1012,1,142,PPO,777.0,138.68258985255548,0.1143880630830479,0.933913770913771,0.0424710424710424,0.0,-0.4552128541099391,0.750105148630948,0.7674759715181827,8.0
energy,1012,1,142,PPO-stochastic,777.0,140.2370464010076,0.1205403635662256,0.9339601029601032,0.0424710424710424,0.0,-0.4671409015502996,0.789662315092972,0.7469586133932937,8.0
energy,1012,2,242,PPO,777.0,140.2373971516253,0.1192183147804406,0.9339395109395112,0.0501930501930501,0.0,-0.4723301699576686,0.7814353549294197,0.8516716551913027,8.0
energy,1012,2,242,PPO-stochastic,777.0,143.07907053568906,0.1250624640327021,0.9339961389961392,0.0553410553410553,0.0,-0.4924301689639029,0.8164472560888186,0.841655158321523,8.0
energy,1012,0,123,DQN,777.0,143.1117187101741,0.133189671143607,0.9336254826254828,0.0489060489060489,0.0,-0.5003227584340277,0.8693468750696436,,9.0
energy,1012,1,223,DQN,777.0,143.5698916403135,0.1363634980213227,0.9332239382239386,0.045045045045045,0.0,-0.5060063406473759,0.8873449086195576,,8.0
energy,1012,2,323,DQN,777.0,143.40258753464053,0.1178364318367953,0.9339909909909913,0.0411840411840411,0.0,-0.4660344436361442,0.7727633469689656,,8.0
energy,1013,-1,-1,Local-only,747.0,302.9650739237096,0.1606425702811245,0.9350000000000004,0.7121820615796519,0.677376171352075,-4.328739691718285,1.0,,1.0
energy,1013,-1,-1,Edge-only,747.0,154.41000032433678,0.0926853535393562,0.9350000000000004,0.0883534136546184,0.0,-0.5003817511134436,0.5909831906598138,,3.0
energy,1013,-1,-1,Cloud-only,747.0,175.9339702006377,0.1112676488022362,0.9350000000000004,0.143239625167336,0.0,-0.6259796141621549,0.7091081900127963,,1.0
energy,1013,-1,-1,Static-rule,747.0,288.0240640264778,0.1511114318272472,0.932402298850575,0.4230254350736278,0.0682730923694779,-1.4580845431374778,0.9505572192705114,,3.0
energy,1013,-1,-1,Greedy-myopic,747.0,135.2430392253346,0.1080499319054855,0.9342342704149936,0.0294511378848728,0.0,-0.4184536606919673,0.6836925815426125,,8.0
energy,1013,-1,-1,Best-constant,747.0,175.9339702006377,0.1112676488022362,0.9350000000000004,0.143239625167336,0.0,-0.6259796141621549,0.7091081900127963,,1.0
energy,1013,0,42,PPO,747.0,135.208976272761,0.1185551233514964,0.9337095046854084,0.037483266398929,0.0,-0.4456857504306858,0.7529024074846093,0.8537411649263846,8.0
energy,1013,0,42,PPO-stochastic,747.0,137.8036680103399,0.1238608270078417,0.933720214190094,0.038821954484605,0.0,-0.4603026530237201,0.7863392605241883,0.8328184746754377,8.0
energy,1013,1,142,PPO,747.0,138.50951967305377,0.1094863483282052,0.934084337349398,0.0441767068273092,0.0,-0.4449254030253881,0.6972288614734401,0.7723613989027031,8.0
energy,1013,1,142,PPO-stochastic,747.0,139.9046174386581,0.1151023888987905,0.9341378848728248,0.0441767068273092,0.0,-0.4547704743885151,0.7319478148403973,0.7504027392939631,8.0
energy,1013,2,242,PPO,747.0,139.1520315240067,0.114929763410943,0.9340736278447124,0.0481927710843373,0.0,-0.4566024309993574,0.7300293664793447,0.8607543865231226,8.0
energy,1013,2,242,PPO-stochastic,747.0,140.80901064348797,0.1216878199138726,0.933993306559572,0.0455153949129852,0.0,-0.4698266533370888,0.7755022793477528,0.8395095463777322,8.0
energy,1013,0,123,DQN,747.0,141.32032834733292,0.1279451064898309,0.933591700133869,0.036144578313253,0.0,-0.4699513636266904,0.8110541580053626,,9.0
energy,1013,1,223,DQN,747.0,141.73780878643566,0.1341896991753502,0.9331793842034808,0.0441767068273092,0.0,-0.4937541286168506,0.850975463639927,,8.0
energy,1013,2,323,DQN,747.0,142.94542045737126,0.1158764390413053,0.9340414993306562,0.0441767068273092,0.0,-0.4603896941793323,0.7359487280758008,,8.0
energy,1014,-1,-1,Local-only,723.0,303.6263004914878,0.1659751037344398,0.9350000000000004,0.7040110650069157,0.6639004149377593,-4.2837296498874124,1.0,,1.0
energy,1014,-1,-1,Edge-only,723.0,154.19930625545248,0.0934220819863855,0.9350000000000004,0.0774550484094052,0.0,-0.4898966620595449,0.5750922042001247,,3.0
energy,1014,-1,-1,Cloud-only,723.0,175.64956717853514,0.1130521440104081,0.9350000000000004,0.1424619640387275,0.0,-0.6266318371414292,0.6957703419333336,,1.0
energy,1014,-1,-1,Static-rule,723.0,202.62495278541437,0.1517846089315923,0.9322857142857146,0.2835408022130014,0.0705394190871369,-1.133994449477308,0.9247039633647416,,3.0
energy,1014,-1,-1,Greedy-myopic,723.0,135.87123357306888,0.1076230754038698,0.9341922544951592,0.0193637621023513,0.0,-0.4090180908262715,0.6575006806624316,,8.0
energy,1014,-1,-1,Best-constant,723.0,175.64956717853514,0.1130521440104081,0.9350000000000004,0.1424619640387275,0.0,-0.6266318371414292,0.6957703419333336,,1.0
energy,1014,0,42,PPO,723.0,135.01686030192573,0.1202913044872798,0.9336998616874138,0.0248962655601659,0.0,-0.4349938926765156,0.7427991272998851,0.8374903823556906,7.0
energy,1014,0,42,PPO-stochastic,723.0,140.33286832811967,0.1264197165939356,0.9337709497206708,0.0484094052558782,0.0096818810511756,-0.5089296908793625,0.7807725061350702,0.8117517324764781,8.0
energy,1014,1,142,PPO,723.0,137.6205317632231,0.1121541534645552,0.9340152143845092,0.0304287690179806,0.0,-0.432591049314603,0.6929190713325674,0.7477294138296511,7.0
energy,1014,1,142,PPO-stochastic,723.0,139.51438467132698,0.1186819745402572,0.9340096818810512,0.0359612724757952,0.0,-0.4517972473244054,0.7341157364640446,0.7407012484699776,8.0
energy,1014,2,242,PPO,723.0,139.18766008648433,0.1179730265309819,0.9340594744121716,0.0318118948824343,0.0,-0.4460264510391513,0.7313403915701104,0.8346942395518018,8.0
energy,1014,2,242,PPO-stochastic,723.0,143.54521787207293,0.1237968071975232,0.9340097902097904,0.0580912863070539,0.0110650069156293,-0.5255634555902792,0.7676240906560019,0.8238110178476135,8.0
energy,1014,0,123,DQN,723.0,140.95491777679882,0.1283623669138758,0.933567081604426,0.0345781466113416,0.0,-0.4670533847174781,0.7879575556880056,,9.0
energy,1014,1,223,DQN,723.0,142.42883278651323,0.1346603417057946,0.9331632088520058,0.0359612724757952,0.0,-0.4863532358756764,0.8279104005949752,,8.0
energy,1014,2,323,DQN,723.0,141.95701716336092,0.1165644145524114,0.9340705394190872,0.0359612724757952,0.0,-0.4512489548078604,0.7203076085743434,,8.0
energy,1015,-1,-1,Local-only,763.0,312.04748963213154,0.1572739187418086,0.9350000000000004,0.747051114023591,0.690694626474443,-4.4299083792326766,1.0,,1.0
energy,1015,-1,-1,Edge-only,763.0,154.52655456173449,0.0930340198771487,0.9350000000000004,0.0799475753604194,0.0,-0.4976601795455533,0.6057433470289761,,3.0
energy,1015,-1,-1,Cloud-only,763.0,177.58775777786155,0.1118427990469345,0.9350000000000004,0.1677588466579292,0.0,-0.6618368759925184,0.7276539203259882,,1.0
energy,1015,-1,-1,Static-rule,763.0,251.99144694968493,0.1515941198432645,0.9325208913649028,0.381389252948886,0.0589777195281782,-1.3192184858538714,0.9678621618812692,,3.0
energy,1015,-1,-1,Greedy-myopic,763.0,134.8361903259077,0.1075507239863858,0.9341821756225428,0.0235910878112712,0.0,-0.4171735952231721,0.7011487315295849,,8.0
energy,1015,-1,-1,Best-constant,763.0,177.58775777786155,0.1118427990469345,0.9350000000000004,0.1677588466579292,0.0,-0.6618368759925184,0.7276539203259882,,1.0
energy,1015,0,42,PPO,763.0,134.12254626806774,0.1225741690612482,0.9336736566186108,0.038007863695937,0.0,-0.4533896806096853,0.7893958170903931,0.8404043347502754,8.0
energy,1015,0,42,PPO-stochastic,763.0,136.72860262212922,0.1232612928147176,0.933752293577982,0.038007863695937,0.0,-0.4604121041634857,0.7952893857105707,0.8175276901919595,8.0
energy,1015,1,142,PPO,763.0,137.8842929633539,0.1115242814507687,0.934119266055046,0.0406290956749672,0.0,-0.4459695499289629,0.7199552878885881,0.7805390890350816,8.0
energy,1015,1,142,PPO-stochastic,763.0,139.68819279143597,0.116512039739529,0.93410878112713,0.0393184796854521,0.0,-0.4548304665437012,0.7518361415891208,0.7645587944334097,8.0
energy,1015,2,242,PPO,763.0,138.42279038340047,0.1177076446577693,0.9340563564875494,0.0393184796854521,0.0,-0.4539791395636522,0.7587745750339929,0.8488379392436025,8.0
energy,1015,2,242,PPO-stochastic,763.0,140.20704679288906,0.1239541217932918,0.934024901703801,0.0511140235910878,0.0,-0.4807522348789513,0.7996091576005675,0.8315364052669718,8.0
energy,1015,0,123,DQN,763.0,142.7485152087215,0.1276295058935652,0.9336841415465268,0.0393184796854521,0.0,-0.4797513617761312,0.8206181112719464,,9.0
energy,1015,1,223,DQN,763.0,141.75779525396874,0.1345141705914549,0.9331965923984274,0.038007863695937,0.0,-0.4919872404141214,0.8637925486297071,,8.0
energy,1015,2,323,DQN,763.0,140.96306184924387,0.1156136414390102,0.9340563564875494,0.0393184796854521,0.0,-0.4552462309103826,0.7461716965651128,,8.0
energy,1016,-1,-1,Local-only,704.0,297.01010721864435,0.1704545454545454,0.9350000000000004,0.7230113636363636,0.6661931818181818,-4.30717388655976,1.0,,1.0
energy,1016,-1,-1,Edge-only,704.0,153.12453473647008,0.0922716981993812,0.9350000000000004,0.0923295454545454,0.0,-0.5086247691655601,0.5525964804224929,,3.0
energy,1016,-1,-1,Cloud-only,704.0,172.5116854769657,0.1104932771707824,0.9350000000000004,0.1590909090909091,0.0,-0.6404079163726234,0.6617046783789062,,1.0
energy,1016,-1,-1,Static-rule,704.0,272.80854832910313,0.1626175135676892,0.9325284090909094,0.3693181818181818,0.0,-1.169114779674185,0.9583450903310056,,3.0
energy,1016,-1,-1,Greedy-myopic,704.0,134.19170697283735,0.1054962917334397,0.934193181818182,0.0298295454545454,0.0,-0.4209257339533081,0.6349782643584971,,8.0
energy,1016,-1,-1,Best-constant,704.0,172.5116854769657,0.1104932771707824,0.9350000000000004,0.1590909090909091,0.0,-0.6404079163726234,0.6617046783789062,,1.0
energy,1016,0,42,PPO,704.0,132.47433444110587,0.121867524047034,0.9335397727272728,0.0355113636363636,0.0,-0.4460933713876638,0.7210113310399034,0.8310437268387019,8.0
energy,1016,0,42,PPO-stochastic,704.0,135.42867803001613,0.126332480003648,0.9336477272727272,0.0411931818181818,0.0,-0.4633245836751625,0.7449863932286966,0.8103820469696075,8.0
energy,1016,1,142,PPO,704.0,135.94730315233988,0.1112531069482758,0.9339943181818184,0.0369318181818181,0.0,-0.4383899542924457,0.6604251234629843,0.7550697469851002,8.0
energy,1016,1,142,PPO-stochastic,704.0,137.09088749056886,0.1163696902621583,0.934011363636364,0.0440340909090909,0.0,-0.4538719721681501,0.6907364510974688,0.7475789027891799,8.0
energy,1016,2,242,PPO,704.0,136.36668767079993,0.1179401362196965,0.9339204545454548,0.0383522727272727,0.0,-0.4493413089287967,0.700150222614767,0.8540393006723289,8.0
energy,1016,2,242,PPO-stochastic,704.0,137.9565384500642,0.1240918928920343,0.9339261363636364,0.046875,0.0,-0.4704020687910745,0.7389504320230484,0.8287860155026217,8.0
energy,1016,0,123,DQN,704.0,139.09971568026268,0.1304024704825804,0.9334829545454546,0.0383522727272727,0.0,-0.4724970230964829,0.7702720915650723,,9.0
energy,1016,1,223,DQN,704.0,139.85555275920277,0.1361987221547476,0.9331022727272728,0.0397727272727272,0.0,-0.4891131026778981,0.8044612680858018,,8.0
energy,1016,2,323,DQN,704.0,140.8721288283614,0.1166212069664295,0.9340284090909092,0.046875,0.0,-0.4636893975177215,0.6920709841845654,,7.0
energy,1017,-1,-1,Local-only,746.0,293.28728220237514,0.160857908847185,0.9350000000000004,0.7024128686327078,0.6635388739946381,-4.270577758958422,1.0,,1.0
energy,1017,-1,-1,Edge-only,746.0,156.64384109741863,0.0954006053176307,0.9350000000000004,0.1018766756032171,0.0,-0.5326591322342026,0.6078353127766407,,3.0
energy,1017,-1,-1,Cloud-only,746.0,178.9927783093146,0.1145353299564008,0.9350000000000004,0.1756032171581769,0.0,-0.6836745878954313,0.7301044450846764,,1.0
energy,1017,-1,-1,Static-rule,746.0,268.4429655909044,0.1480506588365816,0.9322444444444448,0.3914209115281501,0.0951742627345844,-1.4746605400434676,0.9311676598377222,,3.0
energy,1017,-1,-1,Greedy-myopic,746.0,136.0985983647909,0.1126533866120278,0.9341742627345846,0.0335120643431635,0.0,-0.4402580840120966,0.7110781513813922,,8.0
energy,1017,-1,-1,Best-constant,746.0,178.9927783093146,0.1145353299564008,0.9350000000000004,0.1756032171581769,0.0,-0.6836745878954313,0.7301044450846764,,1.0
energy,1017,0,42,PPO,746.0,136.32399549660082,0.1223757339830681,0.9336702412868636,0.0563002680965147,0.0,-0.4855267395275811,0.783379638722921,0.8697452980615499,8.0
energy,1017,0,42,PPO-stochastic,746.0,143.7420991704787,0.1256929863290359,0.9336957708049116,0.0777479892761394,0.017426273458445,-0.5844172079177012,0.8047770840017392,0.8390903295025269,9.0
energy,1017,1,142,PPO,746.0,137.8529721992475,0.1156950148665441,0.933922252010724,0.0536193029490616,0.0,-0.4738124811685354,0.7402528683779175,0.7806337561293557,8.0
energy,1017,1,142,PPO-stochastic,746.0,139.48187373202768,0.1194347049802534,0.933815013404826,0.067024128686327,0.0,-0.4982477676702528,0.7648488227403285,0.7721850104310397,8.0
energy,1017,2,242,PPO,746.0,139.87243767492865,0.1206112951129932,0.933981233243968,0.064343163538874,0.0,-0.4957740996813323,0.7718888482891079,0.8772740593484676,8.0
energy,1017,2,242,PPO-stochastic,746.0,141.9691278857479,0.1263618855515366,0.9339383378016088,0.0804289544235924,0.0,-0.5268811807141315,0.8086369027342292,0.8507880489254526,8.0
energy,1017,0,123,DQN,746.0,139.54514338209634,0.1308448804632465,0.9334879356568364,0.0482573726541554,0.0,-0.4940063478042107,0.8307048703766964,,9.0
energy,1017,1,223,DQN,746.0,146.40373391311635,0.1364937138177201,0.9330273224043716,0.064343163538874,0.0187667560321715,-0.5977019360614454,0.8661386247951051,,8.0
energy,1017,2,323,DQN,746.0,143.04265305571354,0.1218888525795604,0.9338954423592496,0.0549597855227882,0.0,-0.4945583534617183,0.7794976975267572,,8.0
energy,1018,-1,-1,Local-only,707.0,302.6554140597203,0.1697312588401697,0.9350000000000004,0.7128712871287128,0.6633663366336634,-4.290401779688521,1.0,,1.0
energy,1018,-1,-1,Edge-only,707.0,154.704095902046,0.0937620840017164,0.9350000000000004,0.0848656294200848,0.0,-0.5002505487882843,0.5661277030236777,,3.0
energy,1018,-1,-1,Cloud-only,707.0,174.4195172104087,0.1125052340790116,0.9350000000000004,0.1357850070721357,0.0,-0.6190749380865087,0.6789741754519486,,1.0
energy,1018,-1,-1,Static-rule,707.0,207.6664424651294,0.1575743062214185,0.9323900293255136,0.2984441301272984,0.0353606789250353,-1.0652253469248223,0.9386489858996536,,3.0
energy,1018,-1,-1,Greedy-myopic,707.0,135.30665628791735,0.1083014972432252,0.9341513437057992,0.0381895332390381,0.0,-0.4300069623959391,0.6527231328480787,,8.0
energy,1018,-1,-1,Best-constant,707.0,174.4195172104087,0.1125052340790116,0.9350000000000004,0.1357850070721357,0.0,-0.6190749380865087,0.6789741754519486,,1.0
energy,1018,0,42,PPO,707.0,134.71231160108064,0.1208814269417187,0.9336082036775109,0.0452616690240452,0.0,-0.4555624530856738,0.7256934286556065,0.8260757442316122,8.0
energy,1018,0,42,PPO-stochastic,707.0,137.0894696285214,0.1257125990091816,0.9337213578500708,0.048090523338048,0.0,-0.4694858018362338,0.7534777456367183,0.8068163278163576,8.0
energy,1018,1,142,PPO,707.0,137.11349921428302,0.1141674456379826,0.9339589816124472,0.0509193776520509,0.0,-0.4548654383722352,0.68615217026203,0.7514214305789375,8.0
energy,1018,1,142,PPO-stochastic,707.0,138.8015653215916,0.1186653648925745,0.9340212164073552,0.0523338048090523,0.0,-0.4645023895155745,0.7115670196497932,0.7318339435886881,8.0
energy,1018,2,242,PPO,707.0,137.87214849150928,0.1180684909324768,0.9339476661951912,0.0537482319660537,0.0,-0.463779356196827,0.7077718202793346,0.8278871368474552,8.0
energy,1018,2,242,PPO-stochastic,707.0,139.31520192981475,0.1226869220534088,0.933902404526167,0.0495049504950495,0.0,-0.4699746151901464,0.7371807449289539,0.793755282127579,8.0
energy,1018,0,123,DQN,707.0,140.3634292507162,0.1315177116514706,0.9335403111739748,0.0452616690240452,0.0,-0.4805584744451074,0.7863146840500164,,9.0
energy,1018,1,223,DQN,707.0,141.52580958380975,0.1374553859109482,0.9330933521923622,0.0466760961810466,0.0,-0.4977623423153226,0.8216957489705301,,8.0
energy,1018,2,323,DQN,707.0,141.0319642904839,0.1175873494516807,0.9339985855728432,0.0537482319660537,0.0,-0.4685664773112449,0.7060586643601632,,8.0
energy,1019,-1,-1,Local-only,670.0,299.97581008905456,0.1791044776119403,0.9350000000000004,0.6835820895522388,0.6432835820895523,-4.1692462891206805,1.0,,1.0
energy,1019,-1,-1,Edge-only,670.0,152.82046814147014,0.0936751651801653,0.9350000000000004,0.0880597014925373,0.0,-0.4942640070049344,0.5340342485378209,,3.0
energy,1019,-1,-1,Cloud-only,670.0,172.06666407683772,0.1137685625881742,0.9350000000000004,0.1402985074626865,0.0,-0.6120657831359034,0.6494827350493781,,1.0
energy,1019,-1,-1,Static-rule,670.0,188.7483161830764,0.1612017130411785,0.9321918876755072,0.2223880597014925,0.0432835820895522,-0.9620243039028464,0.9118545062124892,,3.0
energy,1019,-1,-1,Greedy-myopic,670.0,134.07035342342084,0.1106232447401416,0.9341522388059704,0.0253731343283582,0.0,-0.4089171384751636,0.6283459961923403,,8.0
energy,1019,-1,-1,Best-constant,670.0,172.06666407683772,0.1137685625881742,0.9350000000000004,0.1402985074626865,0.0,-0.6120657831359034,0.6494827350493781,,1.0
energy,1019,0,42,PPO,670.0,133.3489136096551,0.1201822815982036,0.9336567164179108,0.0298507462686567,0.0,-0.4278469031522161,0.6854704616443577,0.8167126076268171,7.0
energy,1019,0,42,PPO-stochastic,670.0,135.55802213176807,0.1286325780217037,0.9335910447761196,0.035820895522388,0.0,-0.4528424350674683,0.7391639061633971,0.8163150341263903,8.0
energy,1019,1,142,PPO,670.0,136.7061163193089,0.110446024070717,0.9340328358208956,0.0402985074626865,0.0,-0.4317866690538809,0.6316394451899933,0.7485482476123456,7.0
energy,1019,1,142,PPO-stochastic,670.0,138.16302808885837,0.1183302656156444,0.9340388059701494,0.0462686567164179,0.0,-0.4508610099018542,0.6764047261531507,0.7299496383628628,8.0
energy,1019,2,242,PPO,670.0,137.76832286125594,0.1195030907455353,0.9340805970149256,0.035820895522388,0.0,-0.4390867090165538,0.6822666434019683,0.8066037908752463,8.0
energy,1019,2,242,PPO-stochastic,670.0,139.5342669031805,0.1215423477362391,0.9339552238805972,0.0432835820895522,0.0,-0.4557286664759715,0.6964859371503564,0.7905505680548611,9.0
energy,1019,0,123,DQN,670.0,137.21413569184776,0.1290572607098203,0.9334358208955224,0.0253731343283582,0.0,-0.4412484365440647,0.7321433518544257,,9.0
energy,1019,1,223,DQN,670.0,141.40825675474085,0.1353577646123722,0.9331074626865674,0.0298507462686567,0.0,-0.4685670781015383,0.7712811429609686,,8.0
energy,1019,2,323,DQN,670.0,140.65712580357277,0.1155279679055209,0.9340388059701494,0.0388059701492537,0.0,-0.4417146300391002,0.6593431123091337,,8.0
